Name, OrderNo, Data Depth,Format depth,,,,,,,,
VISOR,1,0,0,,,,,,,,
VISOR,2,0,0,,,,Data frequency,Format Frequency,,Data frequency,Format Frequency
VISOR,3,0,1,,,0,822,1210,,33.373934226553,49.1270807957775
customProDB,1,0,0,,,1,618,671,,25.0913520097442,27.2431993503857
flowBeads,1,4,0,,,2,213,142,,8.64799025578563,5.76532683719042
flowBeads,2,1,0,,,3,172,15,,6.98335363377994,0.609013398294762
snpEff,1,8,1,,,4,224,27,,9.09460008120179,1.09622411693057
snpEff,2,4,1,,,5,0,392,,0,15.9155501421031
rPredictorDB,1,0,0,,,6,0,1,,0,0.040600893219651
gdtools_not-evidence,1,8,1,,,7,10,1,,0.406008932196508,0.040600893219651
mres2x,1,1,0,,,8,404,4,,16.4027608607389,0.162403572878603
mres2x,1,1,0,,,9,0,0,,0,0
noisy,1,1,0,,,,0,0,,0,0
noisy,2,8,0,,,,0,0,,0,0
noisy,3,8,5,,,,0,0,,0,0
countnumber,1,8,1,,,,,,,,
plier,1,0,1,,,,,,,,
PSEA,1,1,1,,,,,,,,
TableAnnotator,1,1,2,,,,,,,,
StPeter,1,2,0,,,,2463,,,,
CAVER,1,1,0,,,,,,,,
TreeGraph 2,1,1,0,,,,,,,,
TreeGraph 2,2,0,0,,,,,,,,
TreeGraph 2,3,2,2,,,,,,,,
clc_mapper,1,8,2,,,,,,,,
MAFFT (EBI),1,1,0,,,,,,,,
GeneValidator,1,2,1,,,,,,,,
vcfutils,1,8,0,,,,,,,,
MAIT,1,1,0,,,,,,,,
MAIT,2,4,0,,,,,,,,
MAIT,3,0,0,,,,,,,,
FRGEpistasis,1,3,1,,,,,,,,
changegfffeatures,1,8,1,,,,,,,,
canceR,1,1,0,,,,,,,,
canceR,2,0,0,,,,,,,,
canceR,3,1,0,,,,,,,,
kronaextract,1,8,1,,,,,,,,
kronaextract,2,8,1,,,,,,,,
kronaextract,3,8,1,,,,,,,,
TatP,1,3,2,,,,,,,,
hgv_david,1,4,1,,,,,,,,
pyQms,1,2,0,,,,,,,,
eiR,1,1,0,,,,,,,,
eiR,2,1,0,,,,,,,,
Ramid,1,0,0,,,,,,,,
getwigdistance,1,3,1,,,,,,,,
gespeR,1,4,0,,,,,,,,
gespeR,2,1,0,,,,,,,,
snpTree,1,1,2,,,,,,,,
EzClermont,1,1,1,,,,,,,,
AnnotationForge,1,1,1,,,,,,,,
clc_unmapped_reads,1,1,0,,,,,,,,
clc_unmapped_reads,2,8,0,,,,,,,,
unifiedWMWqPCR,1,2,0,,,,,,,,
isobar,1,2,0,,,,,,,,
CaverDock,1,1,0,,,,,,,,
CellNetAnalyzer,1,2,0,,,,,,,,
vardict,1,0,0,,,,,,,,
MeroX,1,8,8,,,,,,,,
hgv_pass,1,8,1,,,,,,,,
isotope.py,1,1,0,,,,,,,,
IdMappingRetrieval,1,7,5,,,,,,,,
OncoSimulR,1,1,1,,,,,,,,
OncoSimulR,2,4,1,,,,,,,,
variancePartition,1,1,1,,,,,,,,
DeepCLIP,1,2,0,,,,,,,,
DeepCLIP,2,4,0,,,,,,,,
paxtoolsr,1,0,0,,,,,,,,
reformat_snpeff_for_syntview,1,8,5,,,,,,,,
reformat_snpeff_for_syntview,2,8,1,,,,,,,,
reformat_snpeff_for_syntview,3,8,1,,,,,,,,
CyGenexpi,1,0,2,,,,,,,,
BASIC,1,2,5,,,,,,,,
SummarizedExperiment,1,0,2,,,,,,,,
gatk_variant_annotator,1,0,0,,,,,,,,
gatk_variant_annotator,2,8,5,,,,,,,,
ProLiC (Protein List Comparator),1,2,1,,,,,,,,
html4blast,1,4,1,,,,,,,,
TMHMM,1,0,2,,,,,,,,
TMHMM,2,3,2,,,,,,,,
copynumber,1,1,0,,,,,,,,
copynumber,2,0,0,,,,,,,,
copynumber,3,0,0,,,,,,,,
restrictfromsize,1,8,1,,,,,,,,
LifeWatchGreece MicroCT vLab,1,0,1,,,,,,,,
converttranscriptfile_fastqtofasta,1,1,0,,,,,,,,
converttranscriptfile_fastqtofasta,2,8,5,,,,,,,,
gatk_realigner_target_creator,1,8,5,,,,,,,,
gatk_realigner_target_creator,2,8,5,,,,,,,,
EMDomics,1,1,0,,,,,,,,
EMDomics,2,4,0,,,,,,,,
NetMHCcons,1,0,1,,,,,,,,
gGost,1,1,5,,,,,,,,
LipidXplorer,1,1,1,,,,,,,,
BRAPeS,1,3,5,,,,,,,,
phantompeakqualtools,1,1,1,,,,,,,,
LowMACA,1,1,0,,,,,,,,
LowMACA,2,0,0,,,,,,,,
LowMACA,3,0,0,,,,,,,,
LowMACA,4,1,0,,,,,,,,
SPARSE,1,3,0,,,,,,,,
SPARSE,2,1,0,,,,,,,,
SPARSE,3,1,0,,,,,,,,
esimsa2D,1,0,5,,,,,,,,
esimsa2D,2,1,5,,,,,,,,
esimsa2D,3,0,5,,,,,,,,
sartools_deseq2,1,4,1,,,,,,,,
sartools_deseq2,2,4,1,,,,,,,,
sartools_deseq2,3,4,1,,,,,,,,
sartools_deseq2,4,8,5,,,,,,,,
extractcentralregions,1,0,4,,,,,,,,
Delly2,1,0,0,,,,,,,,
Novor,1,0,0,,,,,,,,
PatternExplorer,1,3,0,,,,,,,,
DiffLogo,1,1,0,,,,,,,,
Proteinspector,1,3,0,,,,,,,,
IMGT PRIMER-DB,1,1,1,,,,,,,,
pindel2vcf,1,0,0,,,,,,,,
GEOsearch,1,1,0,,,,,,,,
Intervene,1,2,0,,,,,,,,
annotatepeaks,1,3,1,,,,,,,,
annotatepeaks,2,8,1,,,,,,,,
annotatepeaks,3,8,1,,,,,,,,
annotatepeaks,4,8,1,,,,,,,,
mz2mgf,1,0,0,,,,,,,,
BioExcel Building Blocks tutorials: Protein MD Setup,1,0,0,,,,,,,,
BioExcel Building Blocks tutorials: Protein MD Setup,2,0,0,,,,,,,,
ChIPpeakAnno,1,1,5,,,,,,,,
ChIPpeakAnno,2,1,5,,,,,,,,
LipoP,1,3,2,,,,,,,,
ecolitk,1,0,0,,,,,,,,
ecolitk,2,2,0,,,,,,,,
PaDuA,1,1,0,,,,,,,,
PECAN (PEptide-Centric Analysis),1,0,1,,,,,,,,
PECAN (PEptide-Centric Analysis),2,0,1,,,,,,,,
ObjTables,1,2,0,,,,,,,,
MUSCLE,1,1,0,,,,,,,,
NicheNet,1,0,5,,,,,,,,
NicheNet,2,1,2,,,,,,,,
selectbesthit,1,8,1,,,,,,,,
DCell,1,0,1,,,,,,,,
fqquality,1,8,5,,,,,,,,
fqquality,2,8,5,,,,,,,,
fqquality,3,8,5,,,,,,,,
fqquality,4,8,5,,,,,,,,
HMM-TM,1,3,0,,,,,,,,
breseq_bam2aln,1,4,1,,,,,,,,
breseq_bam2aln,2,8,5,,,,,,,,
PredictNLS,1,1,1,,,,,,,,
ComplexHeatmap,1,0,1,,,,,,,,
BEclear,1,4,5,,,,,,,,
PEP-SiteFinder,1,0,0,,,,,,,,
cellGrowth,1,1,1,,,,,,,,
Bakta,1,0,0,,,,,,,,
Bakta,2,0,0,,,,,,,,
Bakta,3,0,0,,,,,,,,
CNORode,1,0,0,,,,,,,,
hgv_beam,1,8,1,,,,,,,,
hgv_beam,2,8,1,,,,,,,,
mblastall,1,0,1,,,,,,,,
Experimental Design Assistant (EDA),1,4,1,,,,,,,,
DCA,1,0,1,,,,,,,,
sabund,1,8,1,,,,,,,,
sabund,2,8,1,,,,,,,,
frogs_demultiplex,1,8,1,,,,,,,,
XNAT.BMIA.NL,1,3,0,,,,,,,,
XNAT.BMIA.NL,2,0,0,,,,,,,,
MicroScope platform,1,0,0,,,,,,,,
3DRS,1,1,1,,,,,,,,
mmvec,1,1,8,,,,,,,,
mmvec,2,2,8,,,,,,,,
gdtools_mask,1,8,1,,,,,,,,
mzBruker,1,0,0,,,,,,,,
EMMA2,1,4,0,,,,,,,,
ProRata,1,2,0,,,,,,,,
ProRata,1,2,0,,,,,,,,
VIQoR,1,1,0,,,,,,,,
VIQoR,2,2,0,,,,,,,,
VIQoR,3,1,0,,,,,,,,
annaffy,1,2,1,,,,,,,,
MDPBiome,1,0,0,,,,,,,,
MDPBiome,2,2,2,,,,,,,,
frogs_biom_to_stdbiom,1,8,2,,,,,,,,
frogs_biom_to_stdbiom,2,8,1,,,,,,,,
Mass-Up,1,0,0,,,,,,,,
Barrnap,1,2,1,,,,,,,,
GASSST,1,0,3,,,,,,,,
BAGS,1,4,5,,,,,,,,
IMGT LIGM-DB,1,1,0,,,,,,,,
CPHmodels,1,0,5,,,,,,,,
CPHmodels,2,2,0,,,,,,,,
gemerr,1,8,5,,,,,,,,
gemerr,2,8,5,,,,,,,,
changename,1,1,0,,,,,,,,
changename,2,8,2,,,,,,,,
changename,3,0,0,,,,,,,,
Souporcell,1,0,0,,,,,,,,
BubbleTree,1,0,0,,,,,,,,
BubbleTree,2,0,0,,,,,,,,
Biospean,1,1,0,,,,,,,,
PRED-TMBB2,1,3,0,,,,,,,,
FreeSASA,1,1,0,,,,,,,,
FreeSASA,2,2,0,,,,,,,,
FreeSASA,3,0,0,,,,,,,,
frmaTools,1,4,5,,,,,,,,
GenePattern,1,8,0,,,,,,,,
UniMod,1,0,5,,,,,,,,
pepXML2Excel,1,2,5,,,,,,,,
ProCon (Proteomics Conversion Tool),1,1,0,,,,,,,,
SecretomeP,1,0,5,,,,,,,,
iRefScape,1,0,1,,,,,,,,
MZmine,1,0,0,,,,,,,,
MZmine,1,0,0,,,,,,,,
MZmine,2,1,0,,,,,,,,
MZmine,3,3,0,,,,,,,,
PlabiPD,1,1,1,,,,,,,,
bedtools_intersectbed,1,0,0,,,,,,,,
bedtools_intersectbed,2,0,4,,,,,,,,
bedtools_intersectbed,3,8,2,,,,,,,,
bedtools_intersectbed,4,0,0,,,,,,,,
imageHTS,1,3,0,,,,,,,,
imageHTS,2,0,0,,,,,,,,
imageHTS,3,1,0,,,,,,,,
Cancer Genome Interpreter (CGI),1,1,1,,,,,,,,
Cancer Genome Interpreter (CGI),1,0,1,,,,,,,,
picardgcbiasmetrics,1,4,1,,,,,,,,
BioLCCC,1,1,1,,,,,,,,
coveragegff,1,8,1,,,,,,,,
msmsEDA,1,1,1,,,,,,,,
msmsEDA,2,3,1,,,,,,,,
msmsEDA,3,0,1,,,,,,,,
fidosnp,1,0,0,,,,,,,,
MACS,1,0,0,,,,,,,,
MACS,2,8,1,,,,,,,,
MACS,3,4,1,,,,,,,,
Fpocket,1,0,0,,,,,,,,
DiversityDescriptions,1,1,0,,,,,,,,
DiversityDescriptions,2,2,0,,,,,,,,
DiversityDescriptions,3,2,0,,,,,,,,
gatk_variant_eval,1,8,5,,,,,,,,
gatk_variant_eval,2,8,5,,,,,,,,
FragGeneScan,1,1,0,,,,,,,,
FragGeneScan,2,1,0,,,,,,,,
FragGeneScan,3,1,0,,,,,,,,
FragGeneScan,4,8,2,,,,,,,,
compareoverlappingsmallquery,1,8,1,,,,,,,,
GOSim,1,0,0,,,,,,,,
GOSim,2,4,0,,,,,,,,
GOSim,3,0,0,,,,,,,,
GOSim,4,1,0,,,,,,,,
Sebnif,1,2,0,,,,,,,,
RSAT dyad-analysis,1,0,1,,,,,,,,
categoryCompare,1,0,1,,,,,,,,
categoryCompare,2,0,1,,,,,,,,
Rcpi,1,1,0,,,,,,,,
Rcpi,2,1,0,,,,,,,,
GECKO-CSB,1,0,2,,,,,,,,
annovar_summarize,1,8,1,,,,,,,,
annovar_summarize,2,8,1,,,,,,,,
annovar_summarize,3,8,1,,,,,,,,
annovar_summarize,4,8,1,,,,,,,,
RawTools,1,0,5,,,,,,,,
NEEMP,1,1,5,,,,,,,,
roi_metrics,1,8,1,,,,,,,,
micropita,1,8,5,,,,,,,,
ABarray,1,2,1,,,,,,,,
ABarray,2,1,1,,,,,,,,
MEAL,1,1,0,,,,,,,,
MEAL,2,4,0,,,,,,,,
MEAL,3,0,0,,,,,,,,
MEAL,4,2,0,,,,,,,,
Rchemcpp,1,2,1,,,,,,,,
Rchemcpp,2,0,1,,,,,,,,
IMGT 3Dstructure-DB,1,2,0,,,,,,,,
IMGT 3Dstructure-DB,2,1,1,,,,,,,,
plotgenomecoverage,1,3,1,,,,,,,,
mzRecal,1,0,0,,,,,,,,
cshl_fastx_collapser,1,1,0,,,,,,,,
LimmaRP,1,0,0,,,,,,,,
BEAT,1,4,5,,,,,,,,
affy,1,4,1,,,,,,,,
RedHom,1,2,0,,,,,,,,
raw2mzDB,1,0,1,,,,,,,,
annotationTools,1,1,5,,,,,,,,
GSNAP,1,8,5,,,,,,,,
GSNAP,2,8,0,,,,,,,,
MIRfix,1,3,5,,,,,,,,
mzXML Viewer,1,0,0,,,,,,,,
ALDEx2,1,1,5,,,,,,,,
LibrAlign,1,0,0,,,,,,,,
HMMER3,1,1,0,,,,,,,,
listinputs,1,8,5,,,,,,,,
PEAKS DB,1,0,0,,,,,,,,
PEAKS DB,2,0,0,,,,,,,,
pdInfoBuilder,1,0,1,,,,,,,,
PEAKS DB,1,1,0,,,,,,,,
EGSEA,1,1,1,,,,,,,,
cuffcompare,1,8,5,,,,,,,,
cuffcompare,2,8,1,,,,,,,,
cuffcompare,3,8,1,,,,,,,,
cuffcompare,4,8,1,,,,,,,,
cuffcompare,5,8,1,,,,,,,,
cuffcompare,6,8,1,,,,,,,,
cuffcompare,7,8,0,,,,,,,,
rnaSeqMap,1,1,3,,,,,,,,
birte,1,0,1,,,,,,,,
InPAS,1,1,5,,,,,,,,
PatternQuery,1,3,0,,,,,,,,
gOrth,1,7,5,,,,,,,,
flowStats,1,1,1,,,,,,,,
ProSight PTM Ion Predictor,1,0,1,,,,,,,,
MEME Suite,1,1,0,,,,,,,,
GPMAW,1,0,0,,,,,,,,
clc_mapper_legacy,1,8,2,,,,,,,,
PANR,1,0,0,,,,,,,,
PANR,2,1,0,,,,,,,,
PANR,3,4,0,,,,,,,,
PANR,4,2,0,,,,,,,,
CAMEO,1,0,0,,,,,,,,
MEME Suite,1,4,0,,,,,,,,
MEME Suite,1,1,0,,,,,,,,
MEME Suite,1,1,0,,,,,,,,
MEME Suite,1,4,1,,,,,,,,
EffectiveT3,1,2,1,,,,,,,,
cisTEM,1,1,1,,,,,,,,
scmap,1,4,1,,,,,,,,
Aquaria,1,0,2,,,,,,,,
BioConductor wrapper for Ensembl VEP,1,0,0,,,,,,,,
changetagname,1,8,1,,,,,,,,
XINA,1,1,0,,,,,,,,
Proteo3Dnet,1,0,2,,,,,,,,
Proteo3Dnet,2,0,0,,,,,,,,
Proteo3Dnet,3,0,0,,,,,,,,
Proteo3Dnet,4,0,0,,,,,,,,
MSGraph,1,0,1,,,,,,,,
MSGraph,2,1,0,,,,,,,,
plateCore,1,1,0,,,,,,,,
plateCore,2,2,0,,,,,,,,
plateCore,3,4,0,,,,,,,,
fetch-taxonomic-ranks,1,8,1,,,,,,,,
FConverter,1,8,5,,,,,,,,
Quant,1,2,0,,,,,,,,
Quant,2,1,0,,,,,,,,
DESeq,1,8,0,,,,,,,,
DESeq,2,8,5,,,,,,,,
Quant,1,2,0,,,,,,,,
RedeR,1,0,0,,,,,,,,
PRED-TAT,1,3,5,,,,,,,,
NetNES,1,3,2,,,,,,,,
extract_archive_merge,1,8,5,,,,,,,,
extract_archive_merge,2,8,5,,,,,,,,
ID-Align,1,1,1,,,,,,,,
ID-Align,2,0,1,,,,,,,,
NetChop,1,0,5,,,,,,,,
HeteroMirPred,1,4,5,,,,,,,,
microSysMics,1,0,0,,,,,,,,
microSysMics,2,0,0,,,,,,,,
microSysMics,3,1,0,,,,,,,,
BioModels database,1,2,0,,,,,,,,
getdistribution,1,3,1,,,,,,,,
getdistribution,2,8,1,,,,,,,,
getdistribution,3,8,2,,,,,,,,
SiteBinder,1,0,0,,,,,,,,
jmztab-m,1,1,0,,,,,,,,
ASAPRatio,1,0,0,,,,,,,,
ASAPRatio,2,2,0,,,,,,,,
DECIPHER,1,2,1,,,,,,,,
DECIPHER,2,1,1,,,,,,,,
SCcaller,1,0,4,,,,,,,,
NetMHCII,1,0,1,,,,,,,,
groHMM,1,0,0,,,,,,,,
groHMM,2,1,0,,,,,,,,
groHMM,3,2,0,,,,,,,,
groHMM,4,4,0,,,,,,,,
convert-matrix,1,0,1,,,,,,,,
metaspades,1,1,0,,,,,,,,
metaspades,2,8,1,,,,,,,,
metaspades,3,1,0,,,,,,,,
metaspades,4,8,1,,,,,,,,
metaspades,5,8,5,,,,,,,,
unfinnigan,1,0,0,,,,,,,,
xmapbridge,1,0,1,,,,,,,,
rfPred,1,4,1,,,,,,,,
NASTIseq,1,2,4,,,,,,,,
SAMtools,1,0,0,,,,,,,,
TVT viewer,1,1,0,,,,,,,,
DISNOR,1,0,0,,,,,,,,
gdtools_subtract,1,8,1,,,,,,,,
systemPipeR,1,0,0,,,,,,,,
Clustal WS (jabaws),1,1,0,,,,,,,,
DOSE,1,1,0,,,,,,,,
DOSE,2,4,0,,,,,,,,
nwdisplay,1,3,1,,,,,,,,
kraken2,1,0,1,,,,,,,,
VCFFilterJS,1,1,0,,,,,,,,
ggsashimi,1,1,0,,,,,,,,
SNPhood,1,1,1,,,,,,,,
SNPhood,2,0,1,,,,,,,,
PPIExp,1,0,0,,,,,,,,
PPIExp,2,1,0,,,,,,,,
genomes,1,0,5,,,,,,,,
genomes,2,0,5,,,,,,,,
LinX,1,8,5,,,,,,,,
M2aia,1,3,0,,,,,,,,
M2aia,2,3,0,,,,,,,,
MAFFT API (EBI),1,1,0,,,,,,,,
gatk_base_recalibrator,1,8,1,,,,,,,,
gatk_base_recalibrator,2,8,5,,,,,,,,
gatk_base_recalibrator,3,8,5,,,,,,,,
WAR,1,1,0,,,,,,,,
InDigestion,1,0,5,,,,,,,,
InDigestion,2,1,5,,,,,,,,
InDigestion,3,0,5,,,,,,,,
ProteinProphet,1,0,0,,,,,,,,
netbiov,1,1,1,,,,,,,,
netbiov,2,0,1,,,,,,,,
sortgff,1,8,1,,,,,,,,
Peppy,1,0,1,,,,,,,,
Peppy,2,0,4,,,,,,,,
AUTOHD,1,1,5,,,,,,,,
FOCUS,1,0,1,,,,,,,,
cdfread,1,0,0,,,,,,,,
picardasmetrics,1,4,1,,,,,,,,
geecc,1,0,0,,,,,,,,
geecc,2,0,0,,,,,,,,
OligoWiz,1,3,2,,,,,,,,
PAnnBuilder,1,1,1,,,,,,,,
seedgff,1,8,2,,,,,,,,
xmlget,1,0,2,,,,,,,,
rCGH,1,0,1,,,,,,,,
getdifferentialexpression,1,8,1,,,,,,,,
getdifferentialexpression,2,3,1,,,,,,,,
g:Profiler,1,1,0,,,,,,,,
g:Profiler,2,0,5,,,,,,,,
nf-core-smrnaseq,1,0,0,,,,,,,,
nf-core-smrnaseq,2,0,0,,,,,,,,
nf-core-smrnaseq,3,0,1,,,,,,,,
Informed-Proteomics,1,4,1,,,,,,,,
BioSimulations,1,0,0,,,,,,,,
PomBase VEP,1,4,0,,,,,,,,
IMGT HighV-QUEST,1,0,0,,,,,,,,
IMGT HighV-QUEST,2,2,0,,,,,,,,
IMGT HighV-QUEST,3,3,0,,,,,,,,
sqtlseeker2-nf,1,1,1,,,,,,,,
cshl_fastx_clipper,1,8,5,,,,,,,,
derfinderPlot,1,1,1,,,,,,,,
InterEvDock,1,0,0,,,,,,,,
Scop3d,1,0,2,,,,,,,,
InterEvDock,1,0,0,,,,,,,,
fasta_to_phylip,1,8,5,,,,,,,,
master2pgsnp,1,8,1,,,,,,,,
Orphadata,1,0,2,,,,,,,,
Orphadata,2,0,0,,,,,,,,
DNATCO,1,0,2,,,,,,,,
WatAA,1,1,1,,,,,,,,
Fcirc,1,2,1,,,,,,,,
Mascot2XML,1,1,0,,,,,,,,
Prize,1,1,0,,,,,,,,
Prize,2,4,0,,,,,,,,
Prize,3,0,0,,,,,,,,
NetPlantGene,1,0,5,,,,,,,,
NetPlantGene,2,3,2,,,,,,,,
countreadgcpercent,1,8,1,,,,,,,,
PACMAN,1,3,0,,,,,,,,
ProteinCutter,1,0,1,,,,,,,,
fqduplicate,1,8,1,,,,,,,,
covtobed,1,0,4,,,,,,,,
NGphylogeny.fr,1,0,0,,,,,,,,
qualtofastq,1,8,0,,,,,,,,
recal2,1,0,0,,,,,,,,
taxonomy_krona_chart,1,4,1,,,,,,,,
Amino Acids Interactions Web Server,1,0,0,,,,,,,,
msmsTests,1,1,1,,,,,,,,
msmsTests,2,3,1,,,,,,,,
samtools_sort,1,0,0,,,,,,,,
MassMatrix,1,0,1,,,,,,,,
rboAnalyzer,1,3,0,,,,,,,,
ProP,1,3,0,,,,,,,,
REDItools,1,2,5,,,,,,,,
hgv_add_scores,1,8,5,,,,,,,,
RiboFrame,1,0,5,,,,,,,,
relna,1,0,2,,,,,,,,
ClustVis,1,0,0,,,,,,,,
ClustVis,2,3,0,,,,,,,,
collapsereads,1,8,1,,,,,,,,
Astrocyte Quantification and Analysis (AQuA),1,4,2,,,,,,,,
XCMS Online,1,0,1,,,,,,,,
SCnorm,1,1,0,,,,,,,,
PROFhtm,1,2,1,,,,,,,,
annovar_annotate_variation,1,8,1,,,,,,,,
annovar_annotate_variation,2,8,1,,,,,,,,
breseq,1,8,5,,,,,,,,
BAR,1,4,0,,,,,,,,
BAR,2,0,0,,,,,,,,
DataAnalysis2TPP,1,0,0,,,,,,,,
Dolbico,1,0,1,,,,,,,,
BAR,1,0,1,,,,,,,,
getnumber,1,3,1,,,,,,,,
BAR,1,0,1,,,,,,,,
BAR,1,1,1,,,,,,,,
HCsnip,1,4,0,,,,,,,,
HCsnip,2,1,0,,,,,,,,
Category,1,1,1,,,,,,,,
Category,2,0,1,,,,,,,,
BAR,1,0,1,,,,,,,,
BAR,1,0,1,,,,,,,,
ATAC Primer Tool (APT),1,4,4,,,,,,,,
EffectiveDB,1,2,1,,,,,,,,
makestatschipseq,1,3,1,,,,,,,,
makestatschipseq,2,8,1,,,,,,,,
BAR,1,0,1,,,,,,,,
BIGR XNAT,1,3,0,,,,,,,,
BIGR XNAT,2,0,0,,,,,,,,
Scoary,1,0,0,,,,,,,,
DeepLC,1,1,0,,,,,,,,
SIGNOR,1,0,5,,,,,,,,
DSSP,1,0,0,,,,,,,,
cshl_fastx_trimmer,1,8,5,,,,,,,,
Calchas,1,2,0,,,,,,,,
replace_regex,1,8,5,,,,,,,,
merlin - MEtabolic models Reconstruction using genome-scaLe INformation,1,2,0,,,,,,,,
merlin - MEtabolic models Reconstruction using genome-scaLe INformation,2,1,0,,,,,,,,
GenomicRanges,1,2,5,,,,,,,,
Antimicrobial Peptide Database (AMPed),1,2,2,,,,,,,,
gaggle,1,7,5,,,,,,,,
gaggle,2,2,5,,,,,,,,
gaggle,3,0,5,,,,,,,,
StructureProfiler,1,3,0,,,,,,,,
CFAssay,1,1,0,,,,,,,,
CFAssay,2,4,0,,,,,,,,
KEGGanim,1,3,1,,,,,,,,
frogs_clusters_stat,1,4,1,,,,,,,,
LBEEP,1,2,0,,,,,,,,
limmaGUI,1,4,0,,,,,,,,
limmaGUI,2,1,0,,,,,,,,
ChemmineOB,1,1,5,,,,,,,,
ChemmineOB,2,2,5,,,,,,,,
X Hunter,1,0,0,,,,,,,,
RNAither,1,1,0,,,,,,,,
MeSHSim,1,4,5,,,,,,,,
RCASPAR,1,1,1,,,,,,,,
fastqc_toolshed,1,4,1,,,,,,,,
QUOD,1,4,5,,,,,,,,
bedtools_intersectbed_bam,1,0,0,,,,,,,,
gatk_variant_recalibrator,1,8,1,,,,,,,,
gatk_variant_recalibrator,2,8,0,,,,,,,,
gatk_variant_recalibrator,3,8,5,,,,,,,,
flowQ,1,4,0,,,,,,,,
flowQ,2,1,0,,,,,,,,
causal-extractor,1,0,0,,,,,,,,
EBcoexpress,1,2,0,,,,,,,,
EBcoexpress,2,1,0,,,,,,,,
EBcoexpress,3,0,0,,,,,,,,
compareoverlappingsmallref,1,8,1,,,,,,,,
prada,1,4,2,,,,,,,,
IMGT V-QUEST,1,1,0,,,,,,,,
IMGT V-QUEST,2,2,0,,,,,,,,
IMGT V-QUEST,3,3,0,,,,,,,,
nf-core-viralrecon,1,0,0,,,,,,,,
nf-core-viralrecon,2,0,0,,,,,,,,
nf-core-viralrecon,3,0,0,,,,,,,,
nf-core-viralrecon,4,0,1,,,,,,,,
genbank_convertor,1,1,0,,,,,,,,
genbank_convertor,2,1,0,,,,,,,,
genbank_convertor,3,8,1,,,,,,,,
genbank_convertor,4,8,1,,,,,,,,
ProteomicsDB,1,2,0,,,,,,,,
ProteomicsDB,2,1,0,,,,,,,,
PhaseME,1,8,0,,,,,,,,
PhaseME,1,2,5,,,,,,,,
mspire-simulator,1,1,0,,,,,,,,
restrictsequencelist,1,1,0,,,,,,,,
XPRESS,1,2,0,,,,,,,,
PathwayCommons SPARQL endpoint,1,0,0,,,,,,,,
ConoDictor2,1,0,0,,,,,,,,
SPACEPro,1,4,0,,,,,,,,
SDA (Statistical DIGE Analyzer),1,1,1,,,,,,,,
SDA (Statistical DIGE Analyzer),2,1,0,,,,,,,,
DaReUS-Loop,1,1,0,,,,,,,,
hgv_codingsnps,1,8,1,,,,,,,,
restricttranscriptlist,1,8,1,,,,,,,,
GenomeCRISPR,1,1,2,,,,,,,,
PVIEW,1,2,5,,,,,,,,
MULTOVL,1,1,1,,,,,,,,
GRENITS,1,1,0,,,,,,,,
GRENITS,2,4,0,,,,,,,,
GRENITS,3,4,0,,,,,,,,
picardhsmetrics,1,4,1,,,,,,,,
Phymyco-DB,1,1,5,,,,,,,,
CoGAPS,1,1,0,,,,,,,,
CoGAPS,2,4,0,,,,,,,,
RASQUAL,1,1,5,,,,,,,,
PepNovo,1,0,5,,,,,,,,
Cutadapt,1,0,0,,,,,,,,
MEME Suite,1,1,0,,,,,,,,
MEME Suite,1,1,0,,,,,,,,
MEME Suite,1,1,0,,,,,,,,
NetSurfP,1,2,5,,,,,,,,
ROTS,1,2,5,,,,,,,,
OmicCircos,1,0,0,,,,,,,,
OmicCircos,2,1,0,,,,,,,,
OmicCircos,3,4,0,,,,,,,,
OmicCircos,4,4,0,,,,,,,,
omicade4,1,3,1,,,,,,,,
omicade4,2,1,1,,,,,,,,
getdifference,1,8,1,,,,,,,,
MobiDB-lite,1,0,0,,,,,,,,
MEME Suite,1,1,0,,,,,,,,
Mascot Distiller,1,1,0,,,,,,,,
Mascot Distiller,2,2,0,,,,,,,,
MEME Suite,1,1,0,,,,,,,,
BepiPred,1,0,2,,,,,,,,
pint,1,0,0,,,,,,,,
pint,2,1,0,,,,,,,,
pint,3,4,0,,,,,,,,
MEME Suite,1,0,0,,,,,,,,
MEME Suite,1,1,0,,,,,,,,
MEME Suite,1,2,0,,,,,,,,
BMGE,1,1,0,,,,,,,,
BMGE,2,4,1,,,,,,,,
SourceR,1,0,1,,,,,,,,
Multi-Q,1,0,0,,,,,,,,
gatk_print_reads,1,0,0,,,,,,,,
gatk_print_reads,2,8,5,,,,,,,,
Multi-Q,1,2,0,,,,,,,,
FlexPortal,1,1,0,,,,,,,,
getsequence,1,1,0,,,,,,,,
RelEx,1,2,5,,,,,,,,
ChemmineR,1,1,5,,,,,,,,
ChemmineR,2,2,5,,,,,,,,
MEME Suite,1,1,0,,,,,,,,
RTCGA,1,1,0,,,,,,,,
MEME Suite,1,1,0,,,,,,,,
solid_qual_boxplot,1,3,1,,,,,,,,
MEME Suite,1,1,0,,,,,,,,
MetaRanker,1,0,5,,,,,,,,
MetaRanker,2,0,2,,,,,,,,
MEME Suite,1,1,0,,,,,,,,
MEME Suite,1,1,0,,,,,,,,
AlignmentComparator,1,1,0,,,,,,,,
MEME Suite,1,1,0,,,,,,,,
MEME Suite,1,1,0,,,,,,,,
iSAFE,1,2,1,,,,,,,,
GeneBreak,1,1,0,,,,,,,,
GeneBreak,2,1,0,,,,,,,,
motifStack,1,3,1,,,,,,,,
NNAlign,1,0,0,,,,,,,,
chromDraw,1,1,0,,,,,,,,
Cofactory,1,0,5,,,,,,,,
MEME Suite,1,2,0,,,,,,,,
MEME Suite,1,3,0,,,,,,,,
gatk_haplotype_caller,1,0,0,,,,,,,,
gatk_haplotype_caller,2,0,0,,,,,,,,
gatk_haplotype_caller,3,0,0,,,,,,,,
gatk_haplotype_caller,4,8,5,,,,,,,,
Libra,1,2,0,,,,,,,,
MEME Suite,1,0,8,,,,,,,,
MEME Suite,1,0,5,,,,,,,,
MEME Suite,1,2,0,,,,,,,,
CandiMeth,1,2,5,,,,,,,,
CandiMeth,2,2,5,,,,,,,,
rankoptimizer,1,8,2,,,,,,,,
rankoptimizer,2,4,1,,,,,,,,
rankoptimizer,3,8,5,,,,,,,,
TRAPeS,1,3,5,,,,,,,,
Comet,1,0,0,,,,,,,,
bedtools_multiintersectbed,1,8,1,,,,,,,,
ICPL_ESIQuant,1,0,0,,,,,,,,
ICPL_ESIQuant,1,2,5,,,,,,,,
ClustalO WS (jabaws),1,1,0,,,,,,,,
MEME Suite,1,2,0,,,,,,,,
MEME Suite,1,2,0,,,,,,,,
ChIPseeker,1,1,5,,,,,,,,
ChIPseeker,2,1,5,,,,,,,,
RTCA,1,1,0,,,,,,,,
IVAS,1,1,0,,,,,,,,
IVAS,2,0,0,,,,,,,,
AmtDB,1,2,5,,,,,,,,
MEME Suite,1,1,1,,,,,,,,
bioassayR,1,0,2,,,,,,,,
MARNA web server,1,3,5,,,,,,,,
FastME,1,1,0,,,,,,,,
FAF-Drugs,1,1,0,,,,,,,,
FAF-Drugs,2,3,1,,,,,,,,
SIM,1,4,1,,,,,,,,
MEME Suite,1,2,0,,,,,,,,
SICtools,1,1,5,,,,,,,,
ESPRIT-Forest,1,1,2,,,,,,,,
MEME Suite,1,1,0,,,,,,,,
MEME Suite,2,1,0,,,,,,,,
bamstats,1,8,5,,,,,,,,
bamstats,2,8,5,,,,,,,,
bamstats,3,8,5,,,,,,,,
PolySTest,1,0,0,,,,,,,,
PolySTest,2,0,0,,,,,,,,
PolySTest,3,0,0,,,,,,,,
PolySTest,4,0,0,,,,,,,,
PolySTest,5,1,0,,,,,,,,
RAVEN Toolbox,1,0,0,,,,,,,,
RAVEN Toolbox,2,0,0,,,,,,,,
GraphWeb,1,0,0,,,,,,,,
PatchSearch,1,0,0,,,,,,,,
MEME Suite,1,2,0,,,,,,,,
variationget,1,1,0,,,,,,,,
PlaScope,1,2,3,,,,,,,,
PlaScope,1,2,3,,,,,,,,
pvca,1,0,1,,,,,,,,
pvca,2,1,1,,,,,,,,
CellNOptR,1,0,0,,,,,,,,
PREDA,1,1,0,,,,,,,,
PREDA,2,4,0,,,,,,,,
PREDA,3,0,0,,,,,,,,
PREDA,4,0,0,,,,,,,,
picard_fastqtosam,1,0,0,,,,,,,,
xmltext,1,0,5,,,,,,,,
3SRP,1,1,0,,,,,,,,
3SRP,2,0,2,,,,,,,,
3SRP,3,4,1,,,,,,,,
plasmidspades,1,1,0,,,,,,,,
plasmidspades,2,8,1,,,,,,,,
plasmidspades,3,1,0,,,,,,,,
plasmidspades,4,8,1,,,,,,,,
plasmidspades,5,8,5,,,,,,,,
IPC 2.0,1,1,0,,,,,,,,
picard_samtofastq,1,8,0,,,,,,,,
picard_samtofastq,2,8,0,,,,,,,,
Peakzilla,1,1,1,,,,,,,,
CAVER Analyst,1,1,0,,,,,,,,
RepeatExplorer,1,0,0,,,,,,,,
flipflop,1,2,0,,,,,,,,
OrganismDbi,1,1,2,,,,,,,,
SAPP,1,2,0,,,,,,,,
wavClusteR,1,0,0,,,,,,,,
ODAM,1,2,1,,,,,,,,
ODAM,2,1,0,,,,,,,,
UniProt.ws,1,1,0,,,,,,,,
RiboTaper,1,1,0,,,,,,,,
mzStar,1,8,0,,,,,,,,
cshl_fastx_nucleotides_distribution,1,3,1,,,,,,,,
BitSeq,1,4,5,,,,,,,,
BitSeq,2,1,5,,,,,,,,
MSAViewer,1,1,0,,,,,,,,
MSAViewer,2,0,1,,,,,,,,
MSAViewer,3,2,0,,,,,,,,
MSAViewer,4,0,2,,,,,,,,
clc_extract_consensus,1,1,0,,,,,,,,
clc_extract_consensus,2,8,5,,,,,,,,
GOexpress,1,0,0,,,,,,,,
GOexpress,2,0,0,,,,,,,,
qcmetrics,1,4,0,,,,,,,,
IMGT PhyloGene,1,2,1,,,,,,,,
IMGT PhyloGene,2,1,0,,,,,,,,
ProHits-viz,1,3,1,,,,,,,,
ELMER,1,1,1,,,,,,,,
GOEnrichment,1,0,0,,,,,,,,
ProteinART,1,0,5,,,,,,,,
Pscan,1,0,5,,,,,,,,
Pscan,2,1,5,,,,,,,,
hu.MAP,1,1,1,,,,,,,,
miRNAtap,1,0,2,,,,,,,,
miRNAtap,2,0,2,,,,,,,,
miRNAtap,3,4,2,,,,,,,,
Weeder,1,0,0,,,,,,,,
picard_reordersam,1,0,0,,,,,,,,
coRNAi,1,1,0,,,,,,,,
coRNAi,2,0,0,,,,,,,,
coRNAi,3,0,0,,,,,,,,
coRNAi,4,4,0,,,,,,,,
flowPlots,1,1,0,,,,,,,,
flowPlots,2,4,0,,,,,,,,
clc_sequence_info,1,8,5,,,,,,,,
NetGene2,1,0,5,,,,,,,,
NetGene2,2,3,2,,,,,,,,
epitopepredict,1,0,5,,,,,,,,
OBI-Warp,1,3,0,,,,,,,,
gaucho,1,2,0,,,,,,,,
gaucho,2,0,0,,,,,,,,
gaucho,3,1,0,,,,,,,,
gaucho,4,1,0,,,,,,,,
simpleaffy,1,1,1,,,,,,,,
rols,1,2,1,,,,,,,,
RSAT position-analysis,1,0,1,,,,,,,,
MinePath,1,0,1,,,,,,,,
flowCore,1,4,0,,,,,,,,
flowCore,2,1,0,,,,,,,,
WEP,1,1,1,,,,,,,,
Meta-pipe,1,0,0,,,,,,,,
Kmasker,1,4,1,,,,,,,,
DiversityGazetteers,1,3,2,,,,,,,,
DiversityGazetteers,2,2,5,,,,,,,,
DiversityGazetteers,3,2,5,,,,,,,,
Kmasker,1,1,1,,,,,,,,
snpgenie,1,0,0,,,,,,,,
Kmasker,1,0,0,,,,,,,,
Kmasker,2,0,0,,,,,,,,
Kmasker,3,0,1,,,,,,,,
Kmasker,4,0,1,,,,,,,,
Kmasker,5,0,0,,,,,,,,
Kmasker,6,0,0,,,,,,,,
Kmasker,1,1,0,,,,,,,,
converter_genbank_to_fasta,1,1,0,,,,,,,,
Kmasker,1,0,0,,,,,,,,
Kmasker,2,0,0,,,,,,,,
Kmasker,3,0,1,,,,,,,,
ggtree,1,1,0,,,,,,,,
ggtree,2,0,0,,,,,,,,
taxoptimizer,1,8,1,,,,,,,,
taxoptimizer,2,8,1,,,,,,,,
XTandem Parser,1,0,0,,,,,,,,
XTandem Parser,2,0,0,,,,,,,,
DE-Sim,1,0,1,,,,,,,,
DE-Sim,2,1,0,,,,,,,,
MethTargetedNGS,1,0,1,,,,,,,,
PhyML,1,1,0,,,,,,,,
seqcluster,1,0,1,,,,,,,,
andi,1,0,0,,,,,,,,
Rsubread,1,1,0,,,,,,,,
REPET,1,0,0,,,,,,,,
REPET,2,0,3,,,,,,,,
REPET,3,0,0,,,,,,,,
SJcount,1,1,5,,,,,,,,
webKnossos,1,0,1,,,,,,,,
Kraken,1,0,1,,,,,,,,
DoGSiteScorer,1,0,0,,,,,,,,
DoGSiteScorer,2,2,5,,,,,,,,
gdtools_normalize,1,8,1,,,,,,,,
DEPIB,1,1,0,,,,,,,,
DEPIB,2,0,2,,,,,,,,
DEPIB,3,4,1,,,,,,,,
Arriba,1,0,1,,,,,,,,
QUALIFIER,1,1,1,,,,,,,,
NetOGlyc,1,0,1,,,,,,,,
NetPhos,1,0,5,,,,,,,,
NetPhos,2,3,2,,,,,,,,
SIM-XL,1,1,0,,,,,,,,
conumee,1,1,5,,,,,,,,
conumee,2,1,5,,,,,,,,
HTSanalyzeR,1,4,0,,,,,,,,
HTSanalyzeR,2,0,0,,,,,,,,
HTSanalyzeR,3,1,0,,,,,,,,
Gear-Genomics,1,3,2,,,,,,,,
Gear-Genomics,2,0,1,,,,,,,,
Gear-Genomics,3,0,0,,,,,,,,
DosOpt,1,4,0,,,,,,,,
seq2pathway,1,0,2,,,,,,,,
seq2pathway,2,4,2,,,,,,,,
ABSSeq,1,2,1,,,,,,,,
ABSSeq,2,1,1,,,,,,,,
roi_feature_projection,1,8,1,,,,,,,,
IMGT GENE-DB,1,1,0,,,,,,,,
IMGT GENE-DB,2,0,0,,,,,,,,
IMGT GENE-DB,3,2,0,,,,,,,,
flowCyBar,1,1,0,,,,,,,,
flowCyBar,2,0,0,,,,,,,,
flowCyBar,3,4,0,,,,,,,,
immunarch,1,4,5,,,,,,,,
immunarch,2,1,2,,,,,,,,
presartools,1,8,1,,,,,,,,
presartools,2,8,2,,,,,,,,
ENVISIONQuery,1,0,0,,,,,,,,
ENVISIONQuery,2,7,0,,,,,,,,
ENVISIONQuery,3,1,0,,,,,,,,
PECA,1,0,0,,,,,,,,
PECA,2,0,0,,,,,,,,
frogs_biom_to_tsv,1,8,1,,,,,,,,
frogs_biom_to_tsv,2,8,1,,,,,,,,
MassWiz,1,0,0,,,,,,,,
IntaRNA - RNA-RNA interaction,1,0,5,,,,,,,,
IntaRNA - RNA-RNA interaction,2,0,5,,,,,,,,
IntaRNA - RNA-RNA interaction,3,3,0,,,,,,,,
IntaRNA - RNA-RNA interaction,4,3,0,,,,,,,,
IntaRNA - RNA-RNA interaction,5,0,0,,,,,,,,
MS-GF+,1,1,1,,,,,,,,
MS-GF+,2,0,1,,,,,,,,
MS-GF+,1,0,0,,,,,,,,
MS-GF+,2,0,0,,,,,,,,
buildH,1,0,0,,,,,,,,
Bowtie 2,1,0,0,,,,,,,,
flowViz,1,1,1,,,,,,,,
CyanoLyase,1,0,5,,,,,,,,
CyanoLyase,1,1,1,,,,,,,,
getwigdata,1,8,1,,,,,,,,
pyDockWEB,1,0,0,,,,,,,,
TGNet,1,0,0,,,,,,,,
compareoverlapping,1,8,1,,,,,,,,
tigre,1,1,0,,,,,,,,
tigre,2,0,0,,,,,,,,
XTandem,1,0,0,,,,,,,,
PredictProtein Open,1,2,0,,,,,,,,
Conterminator,1,0,1,,,,,,,,
Conterminator,1,0,1,,,,,,,,
PcrClipReads,1,1,0,,,,,,,,
nf-core-methylseq,1,0,0,,,,,,,,
AMICI,1,0,5,,,,,,,,
HilbertCurve,1,1,1,,,,,,,,
EOSC pipeline-Reproducibility,1,0,0,,,,,,,,
EOSC pipeline-Reproducibility,1,0,0,,,,,,,,
Mendel,MD,1,0,0,,,,,,,
adjustPKL,1,1,0,,,,,,,,
adjustPKL,2,0,0,,,,,,,,
extract_protein_names,1,0,0,,,,,,,,
EOSC pipeline-Reproducibility,1,2,0,,,,,,,,
EOSC pipeline-Reproducibility,1,0,0,,,,,,,,
gdtools_vcf2gd,1,8,1,,,,,,,,
blockbuster,1,1,5,,,,,,,,
flowUtils,1,2,0,,,,,,,,
pileup2cov,1,8,1,,,,,,,,
clusterProfiler,1,1,1,,,,,,,,
clusterProfiler,2,0,1,,,,,,,,
clusterProfiler,3,0,1,,,,,,,,
AIMS,1,0,5,,,,,,,,
FlexServ,1,4,5,,,,,,,,
Swarm,1,1,5,,,,,,,,
MolStar,1,3,0,,,,,,,,
GreyListChIP,1,0,4,,,,,,,,
OPRA,1,0,0,,,,,,,,
Dr.seq2,1,4,0,,,,,,,,
Dr.seq2,2,4,0,,,,,,,,
cshl_fastx_quality_statistics,1,8,5,,,,,,,,
SecStrAnnotator,1,0,1,,,,,,,,
IMGT GeneInfo,1,1,1,,,,,,,,
IMGT GeneInfo,2,1,1,,,,,,,,
nontarget,1,1,5,,,,,,,,
nontarget,2,0,5,,,,,,,,
nontarget,3,0,5,,,,,,,,
BSgenome,1,1,5,,,,,,,,
BSgenome,2,1,5,,,,,,,,
HExpoChem,1,1,1,,,,,,,,
HExpoChem,2,0,1,,,,,,,,
Enterotyping,1,2,1,,,,,,,,
Q4SRM,1,4,5,,,,,,,,
frogs_normalisation,1,1,0,,,,,,,,
frogs_normalisation,2,8,2,,,,,,,,
frogs_normalisation,3,4,1,,,,,,,,
Minirmd,1,0,0,,,,,,,,
ngs_simulation,1,3,1,,,,,,,,
ngs_simulation,2,8,1,,,,,,,,
mzWiff,1,0,0,,,,,,,,
SWATH2stats,1,0,0,,,,,,,,
diffHic,1,0,0,,,,,,,,
diffHic,2,1,0,,,,,,,,
EMGB,1,3,1,,,,,,,,
EMGB,2,2,1,,,,,,,,
safe,1,0,0,,,,,,,,
GenomeInfoDb,1,1,5,,,,,,,,
IMGT StructuralQuery,1,3,1,,,,,,,,
mpileup,1,8,1,,,,,,,,
mpileup,2,0,0,,,,,,,,
INFORNA Sequence Design,1,2,0,,,,,,,,
INFORNA Sequence Design,2,3,0,,,,,,,,
Anncolvar,1,3,5,,,,,,,,
Delta Mass,1,0,5,,,,,,,,
infoassembly,1,4,5,,,,,,,,
sva,1,1,1,,,,,,,,
sva,2,0,1,,,,,,,,
IMGT Allele-Align,1,1,1,,,,,,,,
damidseq_pipeline,1,4,0,,,,,,,,
vcf_consensus,1,1,0,,,,,,,,
computecoverage,1,8,1,,,,,,,,
Percolator,1,0,2,,,,,,,,
metadynminer,1,3,1,,,,,,,,
GOSemSim,1,4,5,,,,,,,,
ABRicate,1,0,1,,,,,,,,
STATegRa,1,0,1,,,,,,,,
BaCelLo,1,4,1,,,,,,,,
ProSight Lite,1,1,2,,,,,,,,
ProSight Lite,2,1,0,,,,,,,,
annotategenes,1,3,1,,,,,,,,
annotategenes,2,8,1,,,,,,,,
annotategenes,3,8,1,,,,,,,,
annotategenes,4,8,1,,,,,,,,
ToPASeq,1,1,5,,,,,,,,
ToPASeq,2,1,5,,,,,,,,
vcf_intersect,1,0,0,,,,,,,,
bcftools_view,1,8,1,,,,,,,,
MuGVRE,1,0,0,,,,,,,,
MuGVRE,2,1,0,,,,,,,,
CalFitter,1,2,1,,,,,,,,
MuGVRE,1,0,2,,,,,,,,
iDREM,1,0,0,,,,,,,,
Metacoder,1,1,0,,,,,,,,
TFBSTools,1,1,1,,,,,,,,
MuGVRE,1,1,4,,,,,,,,
MuGVRE,1,0,0,,,,,,,,
Crispi,1,1,5,,,,,,,,
Graph Extract,1,8,1,,,,,,,,
Imetagene,1,1,0,,,,,,,,
Imetagene,2,2,0,,,,,,,,
matchBox,1,1,0,,,,,,,,
matchBox,2,2,0,,,,,,,,
matchBox,3,4,0,,,,,,,,
hgv_ldtools,1,8,1,,,,,,,,
XTandemPipeline,1,0,0,,,,,,,,
XTandemPipeline,2,2,0,,,,,,,,
lutefisk,1,2,5,,,,,,,,
XTandemPipeline,1,1,0,,,,,,,,
GenePublisher,1,0,5,,,,,,,,
XTandemPipeline,1,0,0,,,,,,,,
IMGT JunctionAnalysis,1,1,1,,,,,,,,
IMGT JunctionAnalysis,2,1,1,,,,,,,,
JPhyloIO,1,0,0,,,,,,,,
JPhyloIO,2,3,0,,,,,,,,
JPhyloIO,3,1,0,,,,,,,,
MLST,1,3,2,,,,,,,,
MiGMAP,1,4,5,,,,,,,,
bamsignals,1,1,3,,,,,,,,
iso2l,1,4,1,,,,,,,,
iso2l,2,1,0,,,,,,,,
FuzzyClust,1,2,0,,,,,,,,
nf-core-cageseq,1,0,0,,,,,,,,
CompassXport,1,0,0,,,,,,,,
Protomata,1,0,5,,,,,,,,
COVd,1,0,1,,,,,,,,
COVd,2,0,0,,,,,,,,
Protomata,1,0,2,,,,,,,,
Protomata,2,0,1,,,,,,,,
hgv_gpass,1,8,1,,,,,,,,
genbank2gff3,1,8,1,,,,,,,,
genbank2gff3,2,8,5,,,,,,,,
hplcsimulator,1,1,1,,,,,,,,
InterMap3D,1,0,2,,,,,,,,
InterMap3D,2,1,2,,,,,,,,
runBioSimulations,1,1,0,,,,,,,,
NetPhorest,1,0,5,,,,,,,,
nf-core-atacseq,1,0,0,,,,,,,,
nf-core-atacseq,2,0,0,,,,,,,,
MassHunter File Reader,1,0,5,,,,,,,,
MR-MSPOLYGRAPH,1,0,0,,,,,,,,
MR-MSPOLYGRAPH,2,0,0,,,,,,,,
Sam2Tsv,1,1,5,,,,,,,,
genomation,1,0,1,,,,,,,,
hipSTR,1,0,0,,,,,,,,
Logol,1,0,2,,,,,,,,
ProCoNA,1,0,0,,,,,,,,
RNAmmer,1,0,2,,,,,,,,
GROC-SVs,1,3,5,,,,,,,,
cuffdiff,1,8,1,,,,,,,,
cuffdiff,2,8,1,,,,,,,,
cuffdiff,3,8,1,,,,,,,,
cuffdiff,4,8,1,,,,,,,,
cuffdiff,5,8,5,,,,,,,,
cuffdiff,6,8,5,,,,,,,,
cuffdiff,7,8,1,,,,,,,,
cuffdiff,8,8,1,,,,,,,,
cuffdiff,9,8,1,,,,,,,,
cuffdiff,10,8,1,,,,,,,,
cuffdiff,11,8,1,,,,,,,,
cuffdiff,12,8,1,,,,,,,,
cuffdiff,13,8,1,,,,,,,,
cuffdiff,14,8,1,,,,,,,,
cuffdiff,15,8,1,,,,,,,,
cuffdiff,16,8,1,,,,,,,,
cuffdiff,17,8,1,,,,,,,,
cuffdiff,18,8,1,,,,,,,,
cuffdiff,19,8,1,,,,,,,,
cuffdiff,20,8,1,,,,,,,,
cuffdiff,21,8,1,,,,,,,,
cuffdiff,22,8,2,,,,,,,,
HLArestrictor,1,0,5,,,,,,,,
modifygenomiccoordinates,1,8,1,,,,,,,,
monocle,1,0,1,,,,,,,,
ChemProt,1,1,1,,,,,,,,
SwissParam,1,0,0,,,,,,,,
SwissParam,2,0,0,,,,,,,,
make_random,1,1,2,,,,,,,,
Salmonella CRISPR typing,1,0,0,,,,,,,,
Salmonella CRISPR typing,2,1,4,,,,,,,,
Salmonella CRISPR typing,3,1,0,,,,,,,,
sleuth,1,1,1,,,,,,,,
createcontrolsubset,1,8,1,,,,,,,,
createcontrolsubset,2,0,0,,,,,,,,
createcontrolsubset,3,0,0,,,,,,,,
createcontrolsubset,4,0,0,,,,,,,,
createcontrolsubset,5,8,1,,,,,,,,
createcontrolsubset,6,0,0,,,,,,,,
createcontrolsubset,7,0,0,,,,,,,,
createcontrolsubset,8,0,0,,,,,,,,
picard_bamindexstats,1,4,1,,,,,,,,
ProSight PTM,1,0,1,,,,,,,,
ProSight PTM,1,1,0,,,,,,,,
Denovogui,1,0,5,,,,,,,,
ProSight PTM,1,0,1,,,,,,,,
CSSP,1,1,0,,,,,,,,
CSSP,2,0,0,,,,,,,,
CSSP,3,2,0,,,,,,,,
CSSP,4,4,0,,,,,,,,
Jalview,1,1,0,,,,,,,,
Jalview,2,1,0,,,,,,,,
bigwig_to_bedgraph,1,8,1,,,,,,,,
solid2fastq,1,8,0,,,,,,,,
solid2fastq,2,8,0,,,,,,,,
CEU Mass Mediator,1,4,5,,,,,,,,
CEU Mass Mediator,2,0,5,,,,,,,,
CEU Mass Mediator,3,1,5,,,,,,,,
WS-SNPs and GO,1,0,1,,,,,,,,
MetFamily,1,3,0,,,,,,,,
fqextract,1,8,1,,,,,,,,
fqextract,2,8,1,,,,,,,,
fqextract,3,8,1,,,,,,,,
rtracklayer,1,0,0,,,,,,,,
demuxlet,1,4,1,,,,,,,,
gdtools_gd2gvf,1,8,1,,,,,,,,
spkTools,1,1,1,,,,,,,,
gatk_reduce_reads,1,0,0,,,,,,,,
gatk_reduce_reads,2,8,5,,,,,,,,
VSClust,1,1,0,,,,,,,,
VSClust,2,0,0,,,,,,,,
frogs_affiliations_stat,1,4,1,,,,,,,,
Bowtie,1,0,0,,,,,,,,
Bowtie,2,8,5,,,,,,,,
Bowtie,3,8,0,,,,,,,,
SigniSite,1,1,2,,,,,,,,
SplitDist,1,1,0,,,,,,,,
FuncExplorer,1,1,1,,,,,,,,
FuncExplorer,2,2,0,,,,,,,,
Trimmomatic,1,8,1,,,,,,,,
Trimmomatic,2,8,0,,,,,,,,
hostzap,1,0,0,,,,,,,,
CCdigest,1,8,1,,,,,,,,
ShoRAH,1,1,0,,,,,,,,
ShoRAH,2,0,0,,,,,,,,
Xtractor,1,1,5,,,,,,,,
Xtractor,2,0,5,,,,,,,,
Xtractor,3,0,5,,,,,,,,
microMUMMIE,1,0,2,,,,,,,,
ISPRED,1,1,1,,,,,,,,
ISPRED,2,1,0,,,,,,,,
gdtools_annotate,1,4,1,,,,,,,,
gdtools_annotate,2,8,1,,,,,,,,
gdtools_annotate,3,8,5,,,,,,,,
histoCAT,1,4,1,,,,,,,,
BetAware-Deep,1,4,0,,,,,,,,
countnumber_parallel,1,8,5,,,,,,,,
countnumber_parallel,2,8,5,,,,,,,,
massXpert,1,2,2,,,,,,,,
massXpert,2,1,2,,,,,,,,
Dinosaur,1,4,5,,,,,,,,
RNAsamba,1,2,1,,,,,,,,
Isodyn,1,0,0,,,,,,,,
similaRpeak,1,2,0,,,,,,,,
gatk_depth_of_coverage,1,8,1,,,,,,,,
gatk_depth_of_coverage,2,8,1,,,,,,,,
gatk_depth_of_coverage,3,8,1,,,,,,,,
gatk_depth_of_coverage,4,8,1,,,,,,,,
gatk_depth_of_coverage,5,8,1,,,,,,,,
gatk_depth_of_coverage,6,8,1,,,,,,,,
gatk_depth_of_coverage,7,8,1,,,,,,,,
gatk_depth_of_coverage,8,8,1,,,,,,,,
gatk_depth_of_coverage,9,8,1,,,,,,,,
gatk_depth_of_coverage,10,8,1,,,,,,,,
gatk_depth_of_coverage,11,8,1,,,,,,,,
gatk_depth_of_coverage,12,8,1,,,,,,,,
gatk_depth_of_coverage,13,8,1,,,,,,,,
gatk_depth_of_coverage,14,8,1,,,,,,,,
gatk_depth_of_coverage,15,8,1,,,,,,,,
gatk_depth_of_coverage,16,8,1,,,,,,,,
gatk_depth_of_coverage,17,8,1,,,,,,,,
gatk_depth_of_coverage,18,8,1,,,,,,,,
gatk_depth_of_coverage,19,8,1,,,,,,,,
gatk_depth_of_coverage,20,8,1,,,,,,,,
gatk_depth_of_coverage,21,8,1,,,,,,,,
gatk_depth_of_coverage,22,8,1,,,,,,,,
gatk_depth_of_coverage,23,8,1,,,,,,,,
gatk_depth_of_coverage,24,8,1,,,,,,,,
gatk_depth_of_coverage,25,8,1,,,,,,,,
gatk_depth_of_coverage,26,8,1,,,,,,,,
sartools_edger,1,4,1,,,,,,,,
sartools_edger,2,4,1,,,,,,,,
sartools_edger,3,4,1,,,,,,,,
sartools_edger,4,8,5,,,,,,,,
ilastik,1,3,0,,,,,,,,
ilastik,2,4,0,,,,,,,,
AMYPdb,1,1,0,,,,,,,,
Pindel,1,8,5,,,,,,,,
derfinderHelper,1,1,5,,,,,,,,
ChannelsDB,1,1,0,,,,,,,,
ChannelsDB,2,0,0,,,,,,,,
SANS,1,0,0,,,,,,,,
SANS,1,2,1,,,,,,,,
qusage,1,0,0,,,,,,,,
qusage,2,1,0,,,,,,,,
DeepRank,1,1,1,,,,,,,,
NetMHCstab,1,0,1,,,,,,,,
graph,1,3,0,,,,,,,,
graph,2,0,0,,,,,,,,
graph,3,0,0,,,,,,,,
fastaextract,1,1,0,,,,,,,,
MOLE PyMOL plugin,1,0,1,,,,,,,,
MOLE PyMOL plugin,2,1,0,,,,,,,,
msalign,1,3,3,,,,,,,,
ESIprot,1,0,1,,,,,,,,
GBIS,1,1,1,,,,,,,,
Diversity GIS Editor,1,3,0,,,,,,,,
Mantis,1,2,1,,,,,,,,
intansv,1,0,0,,,,,,,,
intansv,2,0,0,,,,,,,,
Clonality,1,1,5,,,,,,,,
Clonality,2,0,5,,,,,,,,
genotypeeval,1,1,0,,,,,,,,
genotypeeval,2,3,0,,,,,,,,
BTOD,1,0,0,,,,,,,,
BTOD,1,0,0,,,,,,,,
featmerge,1,2,5,,,,,,,,
rgsepd,1,0,0,,,,,,,,
getwigprofile,1,3,1,,,,,,,,
MassWolf,1,0,0,,,,,,,,
FunGenES,1,1,1,,,,,,,,
FunGenES,2,0,1,,,,,,,,
CoExpresso,1,1,0,,,,,,,,
TarSeqQC,1,1,1,,,,,,,,
TarSeqQC,2,4,1,,,,,,,,
gdtools_union,1,8,1,,,,,,,,
BioExcel Building Blocks tutorials: Protein MD Setup tutorial through REST API,1,0,0,,,,,,,,
BioExcel Building Blocks tutorials: Protein MD Setup tutorial through REST API,2,0,0,,,,,,,,
SCENIC,1,4,1,,,,,,,,
retentionprediction,1,1,1,,,,,,,,
sv-gen,1,0,0,,,,,,,,
sv-gen,2,0,0,,,,,,,,
ChloroP,1,0,5,,,,,,,,
ReactomePA,1,0,1,,,,,,,,
ReactomePA,2,0,1,,,,,,,,
ReactomePA,3,0,1,,,,,,,,
TriplexRNA,1,0,0,,,,,,,,
TriplexRNA,2,0,0,,,,,,,,
TriplexRNA,3,1,0,,,,,,,,
TriplexRNA,4,0,0,,,,,,,,
SearchGUI,1,0,0,,,,,,,,
ComplexBrowser,1,2,0,,,,,,,,
ComplexBrowser,2,4,0,,,,,,,,
ComplexBrowser,3,1,0,,,,,,,,
mygene,1,0,2,,,,,,,,
mygene,2,0,2,,,,,,,,
GlycoMod,1,1,5,,,,,,,,
peakcalling_findpeaks,1,8,5,,,,,,,,
peakcalling_findpeaks,2,8,5,,,,,,,,
peakcalling_findpeaks,3,8,5,,,,,,,,
ComPIL,1,0,5,,,,,,,,
Trans-ABySS,1,1,2,,,,,,,,
findpromoter,1,8,1,,,,,,,,
rgpicfixmate,1,0,0,,,,,,,,
4Pipe4,1,4,5,,,,,,,,
fqseqpair,1,8,1,,,,,,,,
virAnnot,1,1,1,,,,,,,,
BioExcel Building Blocks tutorials: Mutation Free Energy Calculations,1,0,5,,,,,,,,
BioExcel Building Blocks tutorials: Mutation Free Energy Calculations,2,0,0,,,,,,,,
BioExcel Building Blocks tutorials: Mutation Free Energy Calculations,3,0,0,,,,,,,,
GUILDify,1,0,0,,,,,,,,
DMRcaller,1,1,0,,,,,,,,
DMRcaller,2,2,0,,,,,,,,
Protoss,1,1,0,,,,,,,,
Protoss,2,0,0,,,,,,,,
bam_to_sam,1,0,0,,,,,,,,
isotop_fs,1,1,0,,,,,,,,
BCov,1,1,5,,,,,,,,
LocARNA,1,3,0,,,,,,,,
LocARNA,2,1,0,,,,,,,,
LocARNA,3,1,0,,,,,,,,
gatk_variant_combine,1,0,0,,,,,,,,
gatk_variant_combine,2,8,5,,,,,,,,
DTA to MGF File Converter,1,0,0,,,,,,,,
DiversityAgents,1,7,0,,,,,,,,
DiversityAgents,2,2,0,,,,,,,,
Compare Two Lists,1,4,5,,,,,,,,
gtftogenepred,1,0,0,,,,,,,,
cshl_princeton_fastx_barcode_splitter,1,4,1,,,,,,,,
FourCSeq,1,2,0,,,,,,,,
FourCSeq,2,1,0,,,,,,,,
FourCSeq,3,3,0,,,,,,,,
ClustalW (PBIL),1,1,0,,,,,,,,
biojs-io-blast,1,0,2,,,,,,,,
IDBac,1,8,1,,,,,,,,
xcms,1,1,0,,,,,,,,
nf-core-rnaseq,1,0,0,,,,,,,,
nf-core-rnaseq,2,0,1,,,,,,,,
mapperanalyzer,1,8,1,,,,,,,,
TIN,1,1,0,,,,,,,,
TIN,2,0,0,,,,,,,,
blast_best_score,1,8,1,,,,,,,,
TopPIC,1,0,5,,,,,,,,
TopPIC,2,0,1,,,,,,,,
T2D converter,1,0,0,,,,,,,,
edge,1,1,0,,,,,,,,
edge,2,0,0,,,,,,,,
getdistance,1,3,1,,,,,,,,
getdistance,2,8,1,,,,,,,,
NetCorona,1,0,5,,,,,,,,
NetCorona,2,3,2,,,,,,,,
speaq,1,1,1,,,,,,,,
DistanceP,1,1,2,,,,,,,,
filtercontrol,1,8,5,,,,,,,,
ValidatorDB,1,0,5,,,,,,,,
traseR,1,1,0,,,,,,,,
traseR,2,1,0,,,,,,,,
gatk_variant_filtration,1,0,0,,,,,,,,
gatk_variant_filtration,2,8,5,,,,,,,,
modifysequencelist,1,1,0,,,,,,,,
frogs_filters,1,1,0,,,,,,,,
frogs_filters,2,8,2,,,,,,,,
frogs_filters,3,8,1,,,,,,,,
frogs_filters,4,4,1,,,,,,,,
CoverageView,1,1,1,,,,,,,,
CoverageView,2,0,1,,,,,,,,
gatk_variant_apply_recalibration,1,0,0,,,,,,,,
gatk_variant_apply_recalibration,2,8,5,,,,,,,,
EBSeq,1,1,0,,,,,,,,
EBSeq,2,4,0,,,,,,,,
FireProt ASR,1,0,0,,,,,,,,
FireProt ASR,2,1,0,,,,,,,,
FireProt ASR,3,1,0,,,,,,,,
RSAT - Retrieve Sequence,1,0,0,,,,,,,,
rnaspades,1,1,0,,,,,,,,
rnaspades,2,8,5,,,,,,,,
rnaspades,3,8,5,,,,,,,,
InsPecT,1,0,5,,,,,,,,
seqkit,1,0,0,,,,,,,,
EMBLmyGFF3,1,2,0,,,,,,,,
mBPCR,1,1,0,,,,,,,,
mBPCR,2,1,0,,,,,,,,
Prokaryote RNA sequence analysis workflow,1,2,5,,,,,,,,
hydrogen_bondifier,1,0,5,,,,,,,,
clean_ngs,1,8,5,,,,,,,,
clean_ngs,2,8,5,,,,,,,,
clean_ngs,3,8,5,,,,,,,,
clean_ngs,4,8,5,,,,,,,,
compute_sequence_length,1,1,0,,,,,,,,
doRiNA,1,1,1,,,,,,,,
snoStrip,1,0,0,,,,,,,,
ARACHNE,1,0,1,,,,,,,,
VIPER LC-MS,1,4,1,,,,,,,,
YinOYang,1,0,5,,,,,,,,
YinOYang,2,3,2,,,,,,,,
SSAKE,1,0,5,,,,,,,,
SSAKE,2,1,5,,,,,,,,
picard_replacesamheader,1,0,0,,,,,,,,
SpiderMass,1,3,5,,,,,,,,
SpiderMass,2,1,5,,,,,,,,
puma,1,1,0,,,,,,,,
picard_arrg,1,0,0,,,,,,,,
MetaDisorder,1,2,0,,,,,,,,
SpiderMass,1,1,0,,,,,,,,
SEDA,1,2,0,,,,,,,,
DiversityReferences,1,2,0,,,,,,,,
Oli2go,1,3,5,,,,,,,,
Oli2go,2,1,0,,,,,,,,
PathwayCommons web service API,1,0,0,,,,,,,,
HTSlib,1,0,0,,,,,,,,
HTSlib,2,0,0,,,,,,,,
seq-annot,1,1,0,,,,,,,,
IMGT mAb-DB,1,1,1,,,,,,,,
MassChroQ,1,2,0,,,,,,,,
metagenomeSeq,1,1,0,,,,,,,,
metagenomeSeq,2,0,0,,,,,,,,
NGL VIewer,1,1,0,,,,,,,,
POSTMan,1,0,1,,,,,,,,
Metadyn View,1,0,1,,,,,,,,
rcellminer,1,2,5,,,,,,,,
rcellminer,2,0,5,,,,,,,,
PLAST,1,2,0,,,,,,,,
roi_filter,1,8,1,,,,,,,,
PRIDE Toolsuite,1,8,2,,,,,,,,
SIMAT,1,4,1,,,,,,,,
PLAST,1,0,1,,,,,,,,
Segway,1,0,4,,,,,,,,
Segway,2,0,5,,,,,,,,
PoseView,1,3,0,,,,,,,,
grep_count,1,8,1,,,,,,,,
selectbytag,1,8,1,,,,,,,,
msa,1,1,0,,,,,,,,
flowCHIC,1,1,0,,,,,,,,
flowCHIC,2,4,0,,,,,,,,
PIQMIe,1,1,1,,,,,,,,
GSAR,1,0,0,,,,,,,,
GSAR,2,1,0,,,,,,,,
GSAR,3,0,0,,,,,,,,
GSAR,4,4,0,,,,,,,,
MAFFT,1,1,0,,,,,,,,
VcfHead,1,1,0,,,,,,,,
ProFound,1,0,1,,,,,,,,
IMGT Collier-de-Perles,1,3,1,,,,,,,,
massiR,1,1,1,,,,,,,,
massiR,2,4,1,,,,,,,,
massiR,3,0,1,,,,,,,,
DiversityImageInspector,1,7,5,,,,,,,,
DiversityImageInspector,2,1,5,,,,,,,,
flowVS,1,1,0,,,,,,,,
flowVS,2,4,0,,,,,,,,
PredTM,1,3,0,,,,,,,,
SCENERY,1,0,0,,,,,,,,
Sniffles,1,0,0,,,,,,,,
MITOS,1,2,0,,,,,,,,
BIII (BioImage Informatics Index, biii.eu),1,1,0,,,,,,,
BIII (BioImage Informatics Index, biii.eu),2,0,0,,,,,,,
BIII (BioImage Informatics Index, biii.eu),3,1,0,,,,,,,
BIII (BioImage Informatics Index, biii.eu),4,0,0,,,,,,,
Biostrings,1,1,5,,,,,,,,
Biostrings,2,1,5,,,,,,,,
Biostrings,3,1,5,,,,,,,,
The GEM (GEnome Multi-tool) Library (GEM Mapper),1,3,0,,,,,,,,
RSAT retrieve-ensembl-seq,1,1,0,,,,,,,,
BiocStyle,1,0,0,,,,,,,,
DiversityExsiccatae,1,7,0,,,,,,,,
DiversityExsiccatae,2,2,0,,,,,,,,
flowFit,1,1,0,,,,,,,,
flowFit,2,4,0,,,,,,,,
flowFit,3,4,0,,,,,,,,
plot,1,3,1,,,,,,,,
MeSHDbi,1,0,3,,,,,,,,
seqplots,1,0,0,,,,,,,,
seqplots,2,1,0,,,,,,,,
getintrons,1,8,1,,,,,,,,
pbg-ld,1,1,0,,,,,,,,
PEAKS Q,1,0,0,,,,,,,,
PEAKS Q,2,0,0,,,,,,,,
PEAKS Q,3,3,0,,,,,,,,
PEAKS Q,1,2,0,,,,,,,,
fastafrombed,1,1,0,,,,,,,,
EncyclopeDIA,1,0,1,,,,,,,,
EncyclopeDIA,1,0,1,,,,,,,,
WarPP,1,1,0,,,,,,,,
WarPP,2,4,5,,,,,,,,
SplicingGraphs,1,0,1,,,,,,,,
reCOGnizer,1,0,0,,,,,,,,
GATK-LODn,1,0,1,,,,,,,,
NetStart,1,0,5,,,,,,,,
msa,1,1,0,,,,,,,,
msa,2,0,1,,,,,,,,
msa,3,2,0,,,,,,,,
msa,4,0,2,,,,,,,,
MS-Spectre,1,0,1,,,,,,,,
breseq_bam2cov,1,3,1,,,,,,,,
breseq_bam2cov,2,8,0,,,,,,,,
breseq_bam2cov,3,8,1,,,,,,,,
MzVar,1,2,0,,,,,,,,
csaw,1,1,0,,,,,,,,
csaw,2,1,0,,,,,,,,
csaw,3,1,0,,,,,,,,
FGAP,1,0,0,,,,,,,,
Morpheus,1,0,0,,,,,,,,
Morpheus,2,0,0,,,,,,,,
Morpheus,1,0,0,,,,,,,,
Morpheus,1,0,0,,,,,,,,
MethylDackel,1,1,0,,,,,,,,
PHDhtm,1,2,1,,,,,,,,
BoostDM,1,0,1,,,,,,,,
DictyOGlyc,1,0,5,,,,,,,,
DictyOGlyc,2,3,2,,,,,,,,
MatrixMotif,1,0,0,,,,,,,,
MSImageView,1,3,0,,,,,,,,
biomvRCNS,1,1,5,,,,,,,,
ArrayTools,1,4,1,,,,,,,,
MOLEonline,1,0,1,,,,,,,,
MOLEonline,2,1,0,,,,,,,,
Deuterator,1,1,1,,,,,,,,
Deuterator,2,0,1,,,,,,,,
gmap_snpindex,1,8,5,,,,,,,,
bactgeneSHOW,1,0,5,,,,,,,,
a4,1,0,1,,,,,,,,
a4,2,0,2,,,,,,,,
FateID,1,0,1,,,,,,,,
SpindleP,1,0,5,,,,,,,,
RiboProfiling,1,1,3,,,,,,,,
Tapir,1,2,1,,,,,,,,
NETGE-PLUS,1,1,0,,,,,,,,
NETGE-PLUS,2,0,0,,,,,,,,
NETGE-PLUS,3,0,0,,,,,,,,
NETGE-PLUS,4,0,0,,,,,,,,
NETGE-PLUS,5,0,2,,,,,,,,
NetPhosYeast,1,4,5,,,,,,,,
NetPhosYeast,2,3,2,,,,,,,,
APLToMGFConverter,1,0,0,,,,,,,,
GECKO,1,0,2,,,,,,,,
EOSC pipeline-Reproducibility,1,0,0,,,,,,,,
EOSC pipeline-Reproducibility,1,4,0,,,,,,,,
rp2paths,1,0,0,,,,,,,,
rp2paths,2,0,1,,,,,,,,
MMseqs2,1,0,1,,,,,,,,
ProtFun,1,0,5,,,,,,,,
NetMHCpan,1,0,1,,,,,,,,
EOSC pipeline-Reproducibility,1,1,0,,,,,,,,
chipenrich,1,1,0,,,,,,,,
chipenrich,2,1,0,,,,,,,,
EOSC pipeline-Reproducibility,1,1,0,,,,,,,,
EOSC pipeline-Reproducibility,1,4,0,,,,,,,,
EOSC pipeline-Reproducibility,1,1,0,,,,,,,,
EOSC pipeline-Reproducibility,1,0,0,,,,,,,,
PAFScaff,1,0,0,,,,,,,,
trendsceek,1,2,1,,,,,,,,
ResFinder,1,3,2,,,,,,,,
BRIE,1,2,1,,,,,,,,
methylMnM,1,1,4,,,,,,,,
BioExcel Building Blocks tutorials: Protein-Ligand Complex MD Setup,1,0,0,,,,,,,,
BioExcel Building Blocks tutorials: Protein-Ligand Complex MD Setup,2,0,0,,,,,,,,
CAVER Web,1,1,0,,,,,,,,
cellHTS2,1,4,0,,,,,,,,
fqcleaner,1,8,0,,,,,,,,
fqcleaner,2,8,0,,,,,,,,
fqcleaner,3,8,0,,,,,,,,
MTiOpenScreen,1,0,0,,,,,,,,
EOSC pipeline-Reproducibility,1,1,0,,,,,,,,
SMI Services,1,0,0,,,,,,,,
EOSC pipeline-Reproducibility,1,0,0,,,,,,,,
EOSC pipeline-Reproducibility,1,0,0,,,,,,,,
EOSC pipeline-Reproducibility,1,1,4,,,,,,,,
EOSC pipeline-Reproducibility,1,1,0,,,,,,,,
genbank_to_gene,1,1,0,,,,,,,,
TRiCoLOR,1,2,0,,,,,,,,
TRiCoLOR,2,0,1,,,,,,,,
TRiCoLOR,3,1,4,,,,,,,,
EOSC pipeline-Reproducibility,1,0,0,,,,,,,,
MolMeDB,1,0,1,,,,,,,,
EOSC pipeline-Reproducibility,1,1,0,,,,,,,,
EOSC pipeline-Reproducibility,1,0,0,,,,,,,,
destiny,1,1,1,,,,,,,,
CalibraCurve,1,3,0,,,,,,,,
CalibraCurve,2,2,0,,,,,,,,
shovill,1,0,0,,,,,,,,
META-GECKO,1,0,2,,,,,,,,
sickle,1,2,0,,,,,,,,
mspire_mspire-sequest,1,8,0,,,,,,,,
ConsensusClusterPlus,1,1,0,,,,,,,,
ConsensusClusterPlus,2,0,0,,,,,,,,
ConsensusClusterPlus,3,4,0,,,,,,,,
VHLdb,1,2,0,,,,,,,,
Isoform,1,1,0,,,,,,,,
PASTA,1,2,0,,,,,,,,
coordinatestosequence,1,1,0,,,,,,,,
PROFdisis,1,1,1,,,,,,,,
Diffusion,1,0,1,,,,,,,,
bcf_view_mpileup,1,0,0,,,,,,,,
FIMTrack,1,4,1,,,,,,,,
BioExcel Building Blocks tutorials: Common Workflow Language with biobb,1,0,0,,,,,,,,
BioExcel Building Blocks tutorials: Common Workflow Language with biobb,2,0,0,,,,,,,,
PEAKS De Novo,1,0,0,,,,,,,,
wiff2dta,1,0,0,,,,,,,,
PEAKS De Novo,1,0,0,,,,,,,,
SGSeq,1,1,1,,,,,,,,
SGSeq,2,0,1,,,,,,,,
AffyExpress,1,4,1,,,,,,,,
Shark,1,0,0,,,,,,,,
gblocks,1,8,5,,,,,,,,
gblocks,2,1,0,,,,,,,,
gblocks,3,4,1,,,,,,,,
dig2,1,0,5,,,,,,,,
MeDeCom,1,4,0,,,,,,,,
MeDeCom,2,1,0,,,,,,,,
NetGlycate,1,0,0,,,,,,,,
NetGlycate,2,3,2,,,,,,,,
Cardinal,1,1,1,,,,,,,,
altcdfenvs,1,3,1,,,,,,,,
FAMSA,1,0,0,,,,,,,,
ESCDb,1,1,1,,,,,,,,
MiXCR,1,4,5,,,,,,,,
bedtools_coveragebed_counts,1,0,4,,,,,,,,
phenoDist,1,1,2,,,,,,,,
seqfu,1,0,3,,,,,,,,
htseqcount,1,8,5,,,,,,,,
htseqcount,2,0,0,,,,,,,,
LepidoDB,1,1,5,,,,,,,,
NetCTL,1,0,5,,,,,,,,
getflanking,1,8,1,,,,,,,,
hgv_lps,1,8,1,,,,,,,,
hgv_lps,2,8,5,,,,,,,,
PyMS,1,0,0,,,,,,,,
PyMS,2,0,0,,,,,,,,
PyMS,1,0,0,,,,,,,,
PyMS,2,0,0,,,,,,,,
gblocks_oneclick,1,8,5,,,,,,,,
gblocks_oneclick,2,1,0,,,,,,,,
gblocks_oneclick,3,4,1,,,,,,,,
SABBAC,1,1,0,,,,,,,,
samtools_idxstats,1,8,1,,,,,,,,
selecthitscore,1,8,1,,,,,,,,
DeepLoc,1,0,1,,,,,,,,
DeepLoc,2,1,0,,,,,,,,
GenNon-h,1,0,3,,,,,,,,
GRIDSS,1,1,0,,,,,,,,
NetPicoRNA,1,0,5,,,,,,,,
NetPicoRNA,2,3,2,,,,,,,,
MyriMatch,1,0,0,,,,,,,,
mpileup_vcf,1,0,0,,,,,,,,
ReportingTools,1,0,1,,,,,,,,
stampy_indexer,1,8,5,,,,,,,,
NetDiseaseSNP,1,3,5,,,,,,,,
Complex Portal,1,1,1,,,,,,,,
Complex Portal,2,1,2,,,,,,,,
myvariant,1,0,2,,,,,,,,
myvariant,2,0,2,,,,,,,,
BaseSpaceR,1,0,0,,,,,,,,
iBBiG,1,1,0,,,,,,,,
iBBiG,2,4,0,,,,,,,,
iBBiG,3,4,0,,,,,,,,
ALRA,1,0,1,,,,,,,,
CoVennTree,1,0,5,,,,,,,,
CoVennTree,2,2,5,,,,,,,,
mMass,1,3,1,,,,,,,,
mMass,1,0,0,,,,,,,,
fastLiquidAssociation,1,4,5,,,,,,,,
fastLiquidAssociation,2,2,5,,,,,,,,
MSiReader,1,3,0,,,,,,,,
MSiReader,2,0,0,,,,,,,,
PCSF,1,0,1,,,,,,,,
clc_find_variations_tab_convertor,1,8,1,,,,,,,,
AAstretch,1,1,5,,,,,,,,
NaviKey,1,1,0,,,,,,,,
frma,1,4,5,,,,,,,,
frogs_clustering,1,1,0,,,,,,,,
frogs_clustering,2,8,2,,,,,,,,
frogs_clustering,3,8,1,,,,,,,,
gatk_variant_select,1,0,0,,,,,,,,
gatk_variant_select,2,8,5,,,,,,,,
DoubletDetection,1,4,5,,,,,,,,
MALVIRUS,1,0,0,,,,,,,,
refseqget,1,1,5,,,,,,,,
indices_diversity,1,8,5,,,,,,,,
BridgeDbR,1,2,5,,,,,,,,
BridgeDbR,2,2,5,,,,,,,,
BridgeDbR,3,3,5,,,,,,,,
BridgeDbR,4,3,5,,,,,,,,
NanoJ-SQUIRREL,1,4,1,,,,,,,,
interelementgff,1,8,2,,,,,,,,
flowFP,1,1,0,,,,,,,,
flowFP,2,4,0,,,,,,,,
Graphia,1,0,0,,,,,,,,
svdetect_bam_preprocessing_pairs,1,0,0,,,,,,,,
svdetect_bam_preprocessing_pairs,2,0,0,,,,,,,,
svdetect_bam_preprocessing_pairs,3,8,5,,,,,,,,
svdetect_bam_preprocessing_pairs,4,0,0,,,,,,,,
PopDel,1,0,0,,,,,,,,
PklFileMerger,1,1,0,,,,,,,,
gmap_iit_store,1,8,5,,,,,,,,
gConvert,1,7,5,,,,,,,,
HDTD,1,0,5,,,,,,,,
ms-data-core-api,1,1,0,,,,,,,,
GenomicInteractions,1,1,0,,,,,,,,
GenomicInteractions,2,1,0,,,,,,,,
ms-data-core-api,1,1,0,,,,,,,,
ms-data-core-api,1,1,0,,,,,,,,
cleantranscriptfile,1,8,0,,,,,,,,
ms-data-core-api,1,1,0,,,,,,,,
SPAdes,1,8,1,,,,,,,,
SPAdes,2,1,0,,,,,,,,
SPAdes,3,8,1,,,,,,,,
SPAdes,4,8,5,,,,,,,,
ms-data-core-api,1,1,0,,,,,,,,
Interactive Tree Of Life (iTOL),1,0,1,,,,,,,,
Guitar,1,1,0,,,,,,,,
KmerFinder,1,3,2,,,,,,,,
bayNorm,1,0,5,,,,,,,,
pyDockSAXS,1,0,0,,,,,,,,
bedtools_genomecoveragebed_histogram,1,8,1,,,,,,,,
Out2Summary,1,0,1,,,,,,,,
MultiMed,1,0,2,,,,,,,,
MultiMed,2,1,2,,,,,,,,
XBSeq,1,1,1,,,,,,,,
cpPredictor,1,0,0,,,,,,,,
cpPredictor,2,1,0,,,,,,,,
INPS-MD,1,2,1,,,,,,,,
INPS-MD,2,1,0,,,,,,,,
TRAPLINE,1,0,0,,,,,,,,
TRAPLINE,2,1,0,,,,,,,,
TRAPLINE,3,0,0,,,,,,,,
EnrichedHeatmap,1,0,1,,,,,,,,
rt,1,1,0,,,,,,,,
cryoSPARC,1,1,1,,,,,,,,
ccrepe,1,1,0,,,,,,,,
ccrepe,2,1,0,,,,,,,,
bam_to_sam_parallel,1,8,5,,,,,,,,
bam_to_sam_parallel,2,8,5,,,,,,,,
roi_pca,1,8,1,,,,,,,,
SURFY,1,0,0,,,,,,,,
BioMaS (Bioinformatic analysis of Metagenomic amplicons),1,0,0,,,,,,,,
BioMaS (Bioinformatic analysis of Metagenomic amplicons),1,0,0,,,,,,,,
GLASSgo,1,0,0,,,,,,,,
GLASSgo,2,0,2,,,,,,,,
BioMaS (Bioinformatic analysis of Metagenomic amplicons),1,0,0,,,,,,,,
gatk_unified_genotyper,1,0,0,,,,,,,,
gatk_unified_genotyper,2,8,5,,,,,,,,
gatk_unified_genotyper,3,8,5,,,,,,,,
SCAN.UPC,1,0,0,,,,,,,,
CNORfeeder,1,0,0,,,,,,,,
SILVA rRNA database,1,0,0,,,,,,,,
SILVA rRNA database,1,0,0,,,,,,,,
SILVA rRNA database,2,0,5,,,,,,,,
SILVA rRNA database,1,3,1,,,,,,,,
SILVA rRNA database,2,0,0,,,,,,,,
setuppromoter,1,1,0,,,,,,,,
AntaRNA,1,2,0,,,,,,,,
Alfred,1,2,0,,,,,,,,
Halvade Somatic,1,0,0,,,,,,,,
SILVA rRNA database,1,4,5,,,,,,,,
impute.me,1,0,0,,,,,,,,
VastDB,1,1,1,,,,,,,,
gdtools_check,1,8,1,,,,,,,,
PChopper,1,8,0,,,,,,,,
mappinghsp4taxo,1,8,5,,,,,,,,
mappinghsp4taxo,2,3,1,,,,,,,,
mappinghsp4taxo,3,3,1,,,,,,,,
mappinghsp4taxo,4,3,1,,,,,,,,
mappinghsp4taxo,5,3,1,,,,,,,,
mappinghsp4taxo,6,3,1,,,,,,,,
mappinghsp4taxo,7,3,1,,,,,,,,
mappinghsp4taxo,8,3,1,,,,,,,,
mappinghsp4taxo,9,3,1,,,,,,,,
mappinghsp4taxo,10,3,1,,,,,,,,
mappinghsp4taxo,11,3,1,,,,,,,,
mappinghsp4taxo,12,3,1,,,,,,,,
mappinghsp4taxo,13,3,1,,,,,,,,
mappinghsp4taxo,14,3,1,,,,,,,,
mappinghsp4taxo,15,3,1,,,,,,,,
mappinghsp4taxo,16,3,1,,,,,,,,
SelfTarget,1,2,5,,,,,,,,
DMRforPairs,1,2,0,,,,,,,,
DMRforPairs,2,1,0,,,,,,,,
tagtog,1,2,0,,,,,,,,
segmentSeq,1,1,0,,,,,,,,
tagtog,1,2,0,,,,,,,,
tophat2,1,8,5,,,,,,,,
tophat2,2,8,1,,,,,,,,
tophat2,3,0,4,,,,,,,,
tophat2,4,0,4,,,,,,,,
tophat2,5,0,4,,,,,,,,
tophat2,6,0,0,,,,,,,,
limma,1,1,1,,,,,,,,
affylmGUI,1,4,1,,,,,,,,
PicTar,1,1,1,,,,,,,,
theospec,1,0,1,,,,,,,,
gdtools_apply,1,8,1,,,,,,,,
clc_find_variations,1,1,0,,,,,,,,
clc_find_variations,2,8,5,,,,,,,,
GenomicAlignments,1,1,0,,,,,,,,
GenomicAlignments,2,0,0,,,,,,,,
PBxplore,1,2,1,,,,,,,,
bcf-tools-index,1,0,0,,,,,,,,
PIA - Protein Inference Algorithms,1,0,0,,,,,,,,
PIA - Protein Inference Algorithms,2,3,0,,,,,,,,
MetAmyl,1,0,0,,,,,,,,
BioModels Database Converters,1,2,0,,,,,,,,
GEM-Mapper v3,1,1,0,,,,,,,,
laj_1,1,8,5,,,,,,,,
DeconMSn,1,0,0,,,,,,,,
DeconMSn,2,1,0,,,,,,,,
DeconMSn,3,0,0,,,,,,,,
LocTree3,1,2,1,,,,,,,,
Mascot Server,1,0,0,,,,,,,,
LocTree2,1,2,1,,,,,,,,
FAIRDataPoint,1,2,0,,,,,,,,
FAIRDataPoint,2,2,0,,,,,,,,
seqtypedetect,1,8,5,,,,,,,,
Risa,1,0,0,,,,,,,,
Jtraml,1,8,0,,,,,,,,
IPK BLAST Server,1,1,3,,,,,,,,
maketssdist,1,3,1,,,,,,,,
maketssdist,2,8,0,,,,,,,,
maketssdist,3,8,1,,,,,,,,
ExpaRNA-P,1,3,0,,,,,,,,
ExpaRNA-P,2,3,0,,,,,,,,
CPM,1,1,5,,,,,,,,
CPM,2,0,5,,,,,,,,
InterMine,1,0,5,,,,,,,,
Protter,1,1,0,,,,,,,,
MarkDuplicates (IP),1,0,0,,,,,,,,
MarkDuplicates (IP),2,4,1,,,,,,,,
isotop,1,1,0,,,,,,,,
mixomics,1,4,2,,,,,,,,
Popitam,1,0,0,,,,,,,,
odysseyOA1,1,3,2,,,,,,,,
D-EE,1,1,0,,,,,,,,
qpgraph,1,1,0,,,,,,,,
qpgraph,2,4,0,,,,,,,,
qpgraph,3,0,0,,,,,,,,
XPlatCom (Cross PLATform COMmander),1,0,0,,,,,,,,
XPlatCom (Cross PLATform COMmander),2,0,0,,,,,,,,
XPlatCom (Cross PLATform COMmander),3,1,0,,,,,,,,
XPlatCom (Cross PLATform COMmander),4,0,0,,,,,,,,
XPlatCom (Cross PLATform COMmander),5,0,0,,,,,,,,
XPlatCom (Cross PLATform COMmander),6,0,0,,,,,,,,
XPlatCom (Cross PLATform COMmander),7,0,0,,,,,,,,
XPlatCom (Cross PLATform COMmander),8,4,0,,,,,,,,
PeptideShaker,1,0,0,,,,,,,,
PeptideShaker,2,0,5,,,,,,,,
PeptideShaker,3,1,1,,,,,,,,
PeptideShaker,4,2,1,,,,,,,,
PEP-FOLD,1,1,0,,,,,,,,
MFPaQ,1,0,0,,,,,,,,
trimadaptor,1,8,0,,,,,,,,
trimadaptor,2,8,0,,,,,,,,
MFPaQ,1,0,2,,,,,,,,
MFPaQ,1,0,2,,,,,,,,
PGA,1,0,0,,,,,,,,
MHCcluster,1,1,2,,,,,,,,
MHCcluster,2,0,2,,,,,,,,
HDX WorkBench,1,1,1,,,,,,,,
HDX WorkBench,2,0,1,,,,,,,,
hiAnnotator,1,1,0,,,,,,,,
hiAnnotator,2,2,0,,,,,,,,
MOLE,1,0,0,,,,,,,,
MOLE,2,1,0,,,,,,,,
MDdMD,1,3,0,,,,,,,,
OpenMZxy,1,0,0,,,,,,,,
PWMEnrich,1,4,5,,,,,,,,
PWMEnrich,2,4,5,,,,,,,,
metaseqR,1,0,1,,,,,,,,
crop,1,8,5,,,,,,,,
crop,2,8,5,,,,,,,,
crop,3,1,0,,,,,,,,
multifastamix,1,1,0,,,,,,,,
European Variation Archive (EVA),1,2,0,,,,,,,,
genepredtobed,1,0,4,,,,,,,,
idconvert,1,0,0,,,,,,,,
Clinotator,1,4,5,,,,,,,,
VDJsolver,1,0,5,,,,,,,,
bam2roi,1,8,1,,,,,,,,
BioAlcidae,1,1,5,,,,,,,,
AphidBase,1,1,5,,,,,,,,
Pep3D,1,1,0,,,,,,,,
Pep3D,2,0,0,,,,,,,,
gaia,1,2,5,,,,,,,,
gaia,2,4,5,,,,,,,,
mergingdataclusterize,1,8,1,,,,,,,,
mergingdataclusterize,2,8,5,,,,,,,,
Mayu,1,1,0,,,,,,,,
Mayu,1,0,0,,,,,,,,
IMGT 2Dstructure-DB,1,3,1,,,,,,,,
IMGT 2Dstructure-DB,2,1,1,,,,,,,,
EBSeqHMM,1,1,0,,,,,,,,
EBSeqHMM,2,4,0,,,,,,,,
readfastafile,1,1,0,,,,,,,,
clustering_resume,1,8,1,,,,,,,,
LEA,1,1,0,,,,,,,,
LEA,2,3,0,,,,,,,,
pyBRAvo,1,0,0,,,,,,,,
PRED-LIPO,1,3,5,,,,,,,,
PTMProphet,1,0,0,,,,,,,,
samtools_slice_bam,1,0,0,,,,,,,,
MapQuant,1,1,1,,,,,,,,
MapQuant,1,2,1,,,,,,,,
cshl_fastx_reverse_complement,1,8,5,,,,,,,,
BioPlex 2.0,1,0,1,,,,,,,,
LinkedPipes ETL,1,1,0,,,,,,,,
bionode-fasta,1,8,2,,,,,,,,
xml2tsv,1,0,1,,,,,,,,
mzXML2Search,1,0,0,,,,,,,,
msaccess,1,0,0,,,,,,,,
msaccess,2,0,0,,,,,,,,
msaccess,3,0,1,,,,,,,,
clc_mapping_info,1,8,5,,,,,,,,
clc_mapping_info,2,8,5,,,,,,,,
clc_mapping_info,3,8,5,,,,,,,,
Hyper-Spectral Phasors (HySP),1,3,1,,,,,,,,
CoCiteStats,1,4,5,,,,,,,,
CoCiteStats,2,0,5,,,,,,,,
Frog,1,1,0,,,,,,,,
bedtools_bamtobed,1,0,4,,,,,,,,
EURISCO,1,1,1,,,,,,,,
OpenSWATH,1,1,0,,,,,,,,
lca,1,8,1,,,,,,,,
NDtree,1,3,2,,,,,,,,
mitoODE,1,1,0,,,,,,,,
mitoODE,2,4,0,,,,,,,,
SECISDesign web server,1,2,5,,,,,,,,
OpenSWATH,1,0,0,,,,,,,,
pHSol,1,4,5,,,,,,,,
pHSol,2,0,2,,,,,,,,
Protein Contacts Atlas,1,2,2,,,,,,,,
libmgf,1,1,0,,,,,,,,
getletterdistribution1,1,8,1,,,,,,,,
getletterdistribution1,2,3,1,,,,,,,,
getletterdistribution1,3,3,1,,,,,,,,
Clomial,1,0,5,,,,,,,,
nf-rnaSeqMetagen,1,0,1,,,,,,,,
GenAPI,1,2,1,,,,,,,,
GenAPI,2,1,0,,,,,,,,
GenAPI,3,1,0,,,,,,,,
removeexonlines,1,8,1,,,,,,,,
annmap,1,1,5,,,,,,,,
VarDom,1,3,2,,,,,,,,
Epigenomics Workflow on Galaxy and Jupyter,1,1,4,,,,,,,,
Epigenomics Workflow on Galaxy and Jupyter,1,0,5,,,,,,,,
Lipid Data Analyzer (LDA),1,4,1,,,,,,,,
ENmix,1,1,0,,,,,,,,
ENmix,2,4,0,,,,,,,,
ENmix,3,1,0,,,,,,,,
metagenomeFeatures,1,0,5,,,,,,,,
metagenomeFeatures,2,0,5,,,,,,,,
metagenomeFeatures,3,0,5,,,,,,,,
cshl_fastx_artifacts_filter,1,8,5,,,,,,,,
TargetP,1,0,5,,,,,,,,
CNVrd2,1,4,0,,,,,,,,
CNVrd2,2,1,0,,,,,,,,
metaQuantome,1,0,1,,,,,,,,
metaQuantome,2,2,1,,,,,,,,
metaQuantome,3,0,1,,,,,,,,
dig,1,8,5,,,,,,,,
noisy_oneclick,1,1,0,,,,,,,,
noisy_oneclick,2,8,0,,,,,,,,
noisy_oneclick,3,8,5,,,,,,,,
GINsim,1,0,0,,,,,,,,
enviPat,1,1,0,,,,,,,,
enviPat,2,4,0,,,,,,,,
MuTect,1,4,1,,,,,,,,
PyLDM,1,0,1,,,,,,,,
meme_fimo,1,4,1,,,,,,,,
meme_fimo,2,8,1,,,,,,,,
meme_fimo,3,8,1,,,,,,,,
meme_fimo,4,8,2,,,,,,,,
meme_fimo,5,8,1,,,,,,,,
Differential RNA-seq pipeline,1,0,1,,,,,,,,
PredictSNP2,1,0,0,,,,,,,,
pileup_to_vcf,1,0,0,,,,,,,,
sequana_coverage,1,4,1,,,,,,,,
converttranscriptfile,1,8,1,,,,,,,,
SamJavascript,1,1,0,,,,,,,,
proBAMr,1,1,0,,,,,,,,
clc_assembler,1,1,0,,,,,,,,
clc_assembler,2,8,5,,,,,,,,
clc_assembler,3,0,0,,,,,,,,
clc_assembler,4,8,2,,,,,,,,
clc_assembler,5,8,1,,,,,,,,
npScarf,1,1,0,,,,,,,,
MS-GFDB,1,0,1,,,,,,,,
MS-GFDB,2,0,1,,,,,,,,
SODA,1,0,0,,,,,,,,
ClustalW (SIB),1,1,0,,,,,,,,
mergeslidingwindowsclusters,1,8,1,,,,,,,,
CCharPPI,1,4,0,,,,,,,,
ExMS,1,3,0,,,,,,,,
Goslin,1,3,1,,,,,,,,
KEGGCharter,1,0,0,,,,,,,,
roi_sort,1,8,1,,,,,,,,
DiversitySamplingPlots,1,2,0,,,,,,,,
2DProts,1,0,1,,,,,,,,
Spectrum Look,1,0,0,,,,,,,,
T-Bio.Info,1,3,0,,,,,,,,
RMassBank,1,1,1,,,,,,,,
PGConverter,1,1,0,,,,,,,,
PGConverter,1,1,0,,,,,,,,
Y.A.D.A.,1,0,0,,,,,,,,
MTiAutoDock,1,0,0,,,,,,,,
gdsfmt,1,1,0,,,,,,,,
load_multifastq,1,8,5,,,,,,,,
IsobariQ,1,2,2,,,,,,,,
DeconTools,1,0,0,,,,,,,,
Plast,1,1,5,,,,,,,,
pcaMethods,1,4,0,,,,,,,,
pcaMethods,2,4,0,,,,,,,,
pcaMethods,3,1,0,,,,,,,,
ARTIC,1,0,0,,,,,,,,
ARTIC,2,0,0,,,,,,,,
PGConverter,1,1,0,,,,,,,,
PGConverter,1,1,0,,,,,,,,
PGConverter,1,1,0,,,,,,,,
RUVSeq,1,1,1,,,,,,,,
roi_plot_thumbnails,1,4,1,,,,,,,,
metagene,1,1,1,,,,,,,,
KrakenTools,1,0,1,,,,,,,,
Unipept CLI,1,0,0,,,,,,,,
Unipept CLI,2,0,0,,,,,,,,
Query Tabular,1,1,1,,,,,,,,
RosettaES,1,0,1,,,,,,,,
MetaEuk,1,1,0,,,,,,,,
PIPmiR,1,0,3,,,,,,,,
ternarynet,1,1,2,,,,,,,,
getexons,1,8,1,,,,,,,,
OpenChrom,1,0,0,,,,,,,,
OpenChrom,2,3,0,,,,,,,,
ANISEED,1,0,2,,,,,,,,
MaxQuant,1,2,0,,,,,,,,
MaxQuant,2,1,0,,,,,,,,
IdMappingAnalysis,1,1,0,,,,,,,,
GOstats,1,1,0,,,,,,,,
GOstats,2,4,0,,,,,,,,
GOstats,3,4,0,,,,,,,,
strictlyincludegff,1,8,1,,,,,,,,
BBCAnalyzer,1,0,0,,,,,,,,
BBCAnalyzer,2,0,0,,,,,,,,
msalign2,1,3,0,,,,,,,,
IMGT GeneFrequency,1,7,1,,,,,,,,
Unipept visualizations,1,3,0,,,,,,,,
SINA,1,1,0,,,,,,,,
meme_meme,1,4,1,,,,,,,,
meme_meme,2,8,5,,,,,,,,
meme_meme,3,8,2,,,,,,,,
podkat,1,0,1,,,,,,,,
podkat,2,1,1,,,,,,,,
edgeR,1,1,0,,,,,,,,
edgeR,2,0,0,,,,,,,,
QDB (Query Driven Biclustering),1,4,5,,,,,,,,
roi_report,1,4,1,,,,,,,,
NCpred,1,4,5,,,,,,,,
Rbowtie,1,1,0,,,,,,,,
Rbowtie,2,0,0,,,,,,,,
Clustal 2 (Clustal W, Clustal X),1,1,0,,,,,,,
reformat_fastq,1,8,5,,,,,,,,
frogs_affiliation_otu,1,8,2,,,,,,,,
frogs_affiliation_otu,2,4,1,,,,,,,,
imDEV,1,1,0,,,,,,,,
imDEV,2,0,0,,,,,,,,
Cufflinks,1,0,0,,,,,,,,
imDEV,1,2,0,,,,,,,,
chipmunk_chiphorde,1,8,5,,,,,,,,
chipmunk_chiphorde,2,8,5,,,,,,,,
chipmunk_chiphorde,3,3,1,,,,,,,,
gatk_validate_variants,1,8,5,,,,,,,,
Sirius,1,1,0,,,,,,,,
Sirius,2,0,0,,,,,,,,
NetCGlyc,1,0,2,,,,,,,,
NetCTLpan,1,0,5,,,,,,,,
Galactic Circos,1,3,0,,,,,,,,
fmcsR,1,0,0,,,,,,,,
fmcsR,2,1,0,,,,,,,,
fmcsR,3,1,0,,,,,,,,
fmcsR,4,0,0,,,,,,,,
UNDO,1,0,1,,,,,,,,
ProXL,1,1,0,,,,,,,,
ProXL,2,0,0,,,,,,,,
ELBOW,1,1,0,,,,,,,,
ELBOW,2,0,0,,,,,,,,
ELBOW,3,4,0,,,,,,,,
Clustal Omega,1,1,0,,,,,,,,
eDGAR,1,0,0,,,,,,,,
AnnotationFuncs,1,3,5,,,,,,,,
eDGAR,1,0,0,,,,,,,,
SCRWL,1,1,0,,,,,,,,
Clustal 1.8 (Clustal W, Clustal X),1,1,0,,,,,,,
ProMEX protein mass spectral library,1,0,0,,,,,,,,
n50 calculator,1,0,0,,,,,,,,
ProMEX protein mass spectral library,1,0,0,,,,,,,,
ASSIGN,1,4,5,,,,,,,,
ASSIGN,2,0,5,,,,,,,,
EffectiveELD,1,2,1,,,,,,,,
Galaxy Image Analysis,1,3,2,,,,,,,,
Galaxy Image Analysis,2,1,1,,,,,,,,
BioExcel Building Blocks tutorials: Command-line workflows,1,0,0,,,,,,,,
BioExcel Building Blocks tutorials: Command-line workflows,2,0,0,,,,,,,,
gdtools_validate,1,8,1,,,,,,,,
IDSM,1,1,0,,,,,,,,
mergetranscriptlists,1,8,1,,,,,,,,
gemreads,1,8,0,,,,,,,,
gemreads,2,8,0,,,,,,,,
BADER,1,4,5,,,,,,,,
PSI-MI Validator,1,4,1,,,,,,,,
vcf_remove_filtered,1,0,0,,,,,,,,
getreaddistribution,1,8,5,,,,,,,,
RSAT oligo-analysis,1,1,1,,,,,,,,
TransClust,1,3,5,,,,,,,,
TransClust,2,0,2,,,,,,,,
SELEX,1,1,0,,,,,,,,
gdtools_gd2vcf,1,0,0,,,,,,,,
Tandem2XML,1,0,0,,,,,,,,
clusterizebyslidingwindows,1,8,1,,,,,,,,
clusterizebyslidingwindows,2,8,1,,,,,,,,
clusterizebyslidingwindows,3,3,1,,,,,,,,
PROFisis,1,1,1,,,,,,,,
GEM-Tools,1,3,0,,,,,,,,
BCFtools,1,0,0,,,,,,,,
fastq_groomer_parallel,1,8,5,,,,,,,,
MOSCA,1,0,1,,,,,,,,
MOSCA,2,0,0,,,,,,,,
greylag,1,0,0,,,,,,,,
MOSCA,1,0,0,,,,,,,,
MOSCA,1,1,1,,,,,,,,
MOSCA,1,0,0,,,,,,,,
sincell,1,0,1,,,,,,,,
MOSCA,1,1,0,,,,,,,,
MOSCA,2,0,1,,,,,,,,
mQC,1,4,1,,,,,,,,
MOSCA,1,0,0,,,,,,,,
facopy,1,1,0,,,,,,,,
facopy,2,1,0,,,,,,,,
facopy,3,2,0,,,,,,,,
MOSCA,1,0,1,,,,,,,,
MOSCA,1,1,1,,,,,,,,
vcf_substract,1,0,0,,,,,,,,
RCAS,1,0,1,,,,,,,,
RCAS,2,4,1,,,,,,,,
HotSpot Wizard,1,0,0,,,,,,,,
gmapR,1,0,0,,,,,,,,
gmapR,2,1,0,,,,,,,,
gmapR,3,1,0,,,,,,,,
TriFusion,1,2,0,,,,,,,,
ExpaRNA,1,3,0,,,,,,,,
KCsmart,1,2,0,,,,,,,,
KCsmart,2,4,0,,,,,,,,
KCsmart,3,1,0,,,,,,,,
gtrellis,1,0,5,,,,,,,,
erccdashboard,1,1,0,,,,,,,,
MSstats,1,1,0,,,,,,,,
MSstats,2,0,0,,,,,,,,
hapFabia,1,4,0,,,,,,,,
hapFabia,2,1,0,,,,,,,,
hapFabia,3,1,0,,,,,,,,
hapFabia,4,0,0,,,,,,,,
MSstats,1,2,0,,,,,,,,
MSstats,1,1,0,,,,,,,,
muxQuant,1,2,5,,,,,,,,
MassAI,1,0,0,,,,,,,,
MassAI,2,2,0,,,,,,,,
cytofkit,1,4,0,,,,,,,,
cytofkit,2,1,0,,,,,,,,
MassAI,1,0,1,,,,,,,,
MassAI,2,1,1,,,,,,,,
Askomics,1,8,0,,,,,,,,
DiscoTope,1,0,5,,,,,,,,
bcf-tools-cat,1,0,0,,,,,,,,
DiversityTaxonNames,1,0,0,,,,,,,,
ClustalO UniProt,1,1,0,,,,,,,,
miRNApath,1,0,0,,,,,,,,
miRNApath,2,0,0,,,,,,,,
miRNApath,3,4,0,,,,,,,,
TEF,1,2,0,,,,,,,,
SimBindProfiles,1,1,1,,,,,,,,
isoScale,1,2,5,,,,,,,,
COPASI,1,0,0,,,,,,,,
hgv_linktogprofile,1,4,1,,,,,,,,
NetworKIN,1,0,5,,,,,,,,
ICPLQuant,1,2,0,,,,,,,,
PeptideProphet,1,0,0,,,,,,,,
getsizes,1,3,1,,,,,,,,
getsizes,2,8,1,,,,,,,,
ASSET,1,0,5,,,,,,,,
annotate,1,1,1,,,,,,,,
svdetect_run_parallel_step,1,8,5,,,,,,,,
svdetect_run_parallel_step,2,8,5,,,,,,,,
svdetect_run_parallel_step,3,8,1,,,,,,,,
svdetect_run_parallel_step,4,8,1,,,,,,,,
svdetect_run_parallel_step,5,0,4,,,,,,,,
svdetect_run_parallel_step,6,8,5,,,,,,,,
cydar,1,4,2,,,,,,,,
LAILAPS Search Engine (transPLANT instance),1,1,1,,,,,,,,
BRAIN,1,1,0,,,,,,,,
convert,1,1,1,,,,,,,,
convert,2,0,1,,,,,,,,
convert,3,4,1,,,,,,,,
DiversityProjects,1,2,0,,,,,,,,
DiversityProjects,2,7,0,,,,,,,,
ThermoRawFileParser,1,0,0,,,,,,,,
ACTION,1,0,1,,,,,,,,
PLEXY,1,0,5,,,,,,,,
clc_cas_to_sam,1,0,0,,,,,,,,
clc_cas_to_sam,2,0,0,,,,,,,,
Toolbox-Romano-et-al,1,0,0,,,,,,,,
rGREAT,1,1,0,,,,,,,,
rGREAT,2,0,0,,,,,,,,
NetNGlyc,1,4,5,,,,,,,,
NetNGlyc,2,3,2,,,,,,,,
taxonomy_summary,1,8,1,,,,,,,,
LocARNA-P,1,3,0,,,,,,,,
LocARNA-P,2,1,0,,,,,,,,
LocARNA-P,3,1,0,,,,,,,,
KEGGREST,1,1,0,,,,,,,,
KEGGREST,2,3,0,,,,,,,,
gCMAP,1,1,0,,,,,,,,
gCMAP,2,0,0,,,,,,,,
gCMAP,3,4,0,,,,,,,,
stampy_mapper,1,8,5,,,,,,,,
stampy_mapper,2,0,0,,,,,,,,
Chromatin Dynamics,1,2,2,,,,,,,,
CrosstalkDB,1,1,0,,,,,,,,
CrosstalkDB,2,1,0,,,,,,,,
CrosstalkDB,3,2,0,,,,,,,,
CrosstalkDB,4,1,0,,,,,,,,
FT-COMAR,1,1,0,,,,,,,,
nondetects,1,4,2,,,,,,,,
NetTurnP,1,2,5,,,,,,,,
TreeDyn,1,0,0,,,,,,,,
SeqSeg,1,4,1,,,,,,,,
dat2mgf,1,0,0,,,,,,,,
SynTReN,1,0,2,,,,,,,,
multiplierz,1,1,0,,,,,,,,
UEP,1,0,0,,,,,,,,
multiplierz,1,3,1,,,,,,,,
bam_to_bigwig,1,0,0,,,,,,,,
fqseqname,1,8,1,,,,,,,,
DExSI: Targeted GC-MS Metabolomics,1,0,0,,,,,,,,
flowBin,1,4,0,,,,,,,,
flowBin,2,1,0,,,,,,,,
flowBin,3,0,0,,,,,,,,
pyDock,1,0,0,,,,,,,,
Metagenomic operational taxonomic units (mOTUs),1,2,1,,,,,,,,
rgestlibcomp,1,4,1,,,,,,,,
miRcomp,1,1,1,,,,,,,,
samtools_flagstat,1,8,5,,,,,,,,
assemblyget,1,1,3,,,,,,,,
SNAP2,1,4,5,,,,,,,,
STITCH,1,0,0,,,,,,,,
STITCH,2,0,5,,,,,,,,
STITCH,3,0,5,,,,,,,,
PRECOG: Predicting coupling probabilities of G-protein coupled receptors,1,2,1,,,,,,,,
CARNA web server,1,3,0,,,,,,,,
CARNA web server,2,3,0,,,,,,,,
CARNA web server,3,1,0,,,,,,,,
CARNA web server,4,2,0,,,,,,,,
antgenomes.org,1,1,1,,,,,,,,
SPEM,1,0,1,,,,,,,,
acdc,1,4,1,,,,,,,,
SemDist,1,1,0,,,,,,,,
SemDist,2,4,0,,,,,,,,
SemDist,3,4,0,,,,,,,,
gdtools_intersect,1,8,1,,,,,,,,
gatk_indel_realigner,1,0,0,,,,,,,,
gatk_indel_realigner,2,8,5,,,,,,,,
NetMHC,1,0,1,,,,,,,,
GenomicFeatures,1,0,0,,,,,,,,
GenomicFeatures,2,2,0,,,,,,,,
GenomicFeatures,3,1,0,,,,,,,,
GenomicFeatures,4,4,0,,,,,,,,
RNAstrand,1,0,5,,,,,,,,
AnnotationDbi,1,1,6,,,,,,,,
ReAdW,1,0,0,,,,,,,,
mzXMLplot,1,0,0,,,,,,,,
R3CPET,1,0,0,,,,,,,,
DicomTypeTranslation,1,2,0,,,,,,,,
COV2HTML,1,8,5,,,,,,,,
COV2HTML,2,8,5,,,,,,,,
fqconvert,1,8,0,,,,,,,,
fqconvert,2,8,5,,,,,,,,
Bayesembler,1,3,0,,,,,,,,
GMAP,1,8,5,,,,,,,,
GoldenMutagenesis,1,1,0,,,,,,,,
GoldenMutagenesis,1,0,0,,,,,,,,
GoldenMutagenesis,2,0,0,,,,,,,,
DiversityMobile,1,1,0,,,,,,,,
DiversityMobile,2,2,0,,,,,,,,
DiversityMobile,3,3,0,,,,,,,,
tools,1,0,0,,,,,,,,
tools,2,3,7,,,,,,,,
pyDockEneRes,1,8,0,,,,,,,,
MS-Isotope,1,8,1,,,,,,,,
bam2fastq,1,8,0,,,,,,,,
bam2fastq,2,8,0,,,,,,,,
bam2fastq,3,8,0,,,,,,,,
QuasR,1,0,0,,,,,,,,
QuasR,2,1,0,,,,,,,,
OpenMS,1,0,0,,,,,,,,
OpenMS,2,2,0,,,,,,,,
sam_to_bam,1,0,0,,,,,,,,
mbwa_wrapper,1,0,0,,,,,,,,
SNPs and GO,1,2,5,,,,,,,,
AMMOS,1,1,0,,,,,,,,
AMMOS,2,1,0,,,,,,,,
decoy.pl,1,1,2,,,,,,,,
PAnalyzer,1,0,0,,,,,,,,
networkBMA,1,1,1,,,,,,,,
networkBMA,2,3,1,,,,,,,,
CancerMutationAnalysis,1,4,5,,,,,,,,
CancerMutationAnalysis,2,0,5,,,,,,,,
cshl_fastx_renamer,1,8,5,,,,,,,,
prepareannotation,1,8,1,,,,,,,,
protk,1,0,0,,,,,,,,
protk,2,2,1,,,,,,,,
DIA-Umpire,1,2,1,,,,,,,,
ArchaeaFun,1,0,2,,,,,,,,
ArchaeaFun,2,3,2,,,,,,,,
DIA-Umpire,1,0,0,,,,,,,,
esimsa,1,0,5,,,,,,,,
esimsa,2,1,5,,,,,,,,
esimsa,3,0,5,,,,,,,,
iGC,1,0,5,,,,,,,,
BBSeq,1,2,1,,,,,,,,
HX-Express,1,1,5,,,,,,,,
HX-Express,2,1,1,,,,,,,,
GlobalFungi,1,0,0,,,,,,,,
COMSPARI,1,0,5,,,,,,,,
COMSPARI,1,0,5,,,,,,,,
eggNOG,1,1,0,,,,,,,,
eggNOG,2,0,0,,,,,,,,
eggNOG,3,1,0,,,,,,,,
eggNOG,4,1,0,,,,,,,,
ParameciumDB,1,1,0,,,,,,,,
ParameciumDB,2,0,1,,,,,,,,
ParameciumDB,3,2,0,,,,,,,,
SAUCIE,1,2,0,,,,,,,,
PscanChIP,1,0,5,,,,,,,,
RSEQREP,1,0,0,,,,,,,,
RSEQREP,2,1,5,,,,,,,,
RSEQREP,3,4,0,,,,,,,,
CRISPRmap web server,1,1,0,,,,,,,,
CRISPRmap web server,2,3,0,,,,,,,,
quantGenius,1,2,0,,,,,,,,
compareoverlapping_parallel,1,8,5,,,,,,,,
compareoverlapping_parallel,2,8,5,,,,,,,,
Histone Coder,1,0,5,,,,,,,,
RAAMS,1,2,5,,,,,,,,
messina,1,1,0,,,,,,,,
messina,2,4,0,,,,,,,,
NetUTR,1,0,2,,,,,,,,
LedPred,1,1,0,,,,,,,,
LedPred,2,2,0,,,,,,,,
LedPred,3,4,0,,,,,,,,
FunciSNP,1,0,0,,,,,,,,
FunciSNP,2,0,0,,,,,,,,
FunciSNP,3,1,0,,,,,,,,
SIAMCAT,1,1,0,,,,,,,,
SIAMCAT,2,2,1,,,,,,,,
TDimpute,1,0,0,,,,,,,,
plotcoverage,1,8,5,,,,,,,,
IDCalc,1,4,1,,,,,,,,
NET-GE,1,1,0,,,,,,,,
NET-GE,2,0,0,,,,,,,,
NET-GE,3,0,0,,,,,,,,
NET-GE,4,0,0,,,,,,,,
NET-GE,5,0,2,,,,,,,,
sv-callers,1,0,0,,,,,,,,
gdtools_mutations,1,8,1,,,,,,,,
cd-hit,1,8,5,,,,,,,,
cd-hit,2,8,5,,,,,,,,
cd-hit,3,1,0,,,,,,,,
regionReport,1,4,0,,,,,,,,
gProfileR,1,0,1,,,,,,,,
Promoter,1,0,5,,,,,,,,
ECLAIR,1,3,0,,,,,,,,
ECLAIR,2,1,2,,,,,,,,
JASS,1,8,1,,,,,,,,
DiversityCollection,1,1,0,,,,,,,,
DiversityCollection,2,2,0,,,,,,,,
peak2bed,1,0,4,,,,,,,,
BIONDA - Biomarker Database,1,2,5,,,,,,,,
BIONDA - Biomarker Database,2,2,1,,,,,,,,
Isotope calculator,1,4,0,,,,,,,,
solid_qual_stats,1,8,5,,,,,,,,
FELLS,1,0,0,,,,,,,,
MS-Digest,1,0,0,,,,,,,,
colorgff,1,8,1,,,,,,,,
gmap_build,1,8,5,,,,,,,,
trimsequences,1,8,0,,,,,,,,
trimsequences,2,8,0,,,,,,,,
trimsequences,3,8,0,,,,,,,,
hgv_sift,1,8,1,,,,,,,,
NetPhosK,1,4,5,,,,,,,,
NetPhosK,2,3,2,,,,,,,,
PathogenFinder,1,3,2,,,,,,,,
InfernoRDN,1,2,0,,,,,,,,
InfernoRDN,2,1,0,,,,,,,,
Rsamtools,1,0,0,,,,,,,,
Rsamtools,2,1,0,,,,,,,,
aggregate_scores_in_intervals,1,8,1,,,,,,,,
ANGSD,1,8,0,,,,,,,,
roi_table,1,4,1,,,,,,,,
NetAcet,1,0,5,,,,,,,,
msConvert,1,0,0,,,,,,,,
PPPbenchmark,1,0,0,,,,,,,,
collect_mgf,1,0,0,,,,,,,,
jD2Stat,1,0,0,,,,,,,,
NetAspGene,1,0,5,,,,,,,,
NetAspGene,2,3,2,,,,,,,,
writerestohtml,1,4,1,,,,,,,,
writerestohtml,2,8,5,,,,,,,,
GUIDES,1,1,1,,,,,,,,
assemblage,1,0,0,,,,,,,,
nf-rnaSeqCount,1,0,0,,,,,,,,
cellAlign,1,1,1,,,,,,,,
CopraRNA web server,1,0,5,,,,,,,,
CopraRNA web server,2,0,5,,,,,,,,
CopraRNA web server,3,3,0,,,,,,,,
CopraRNA web server,4,3,0,,,,,,,,
CopraRNA web server,5,0,0,,,,,,,,
CopraRNA web server,6,1,0,,,,,,,,
PIQED,1,4,1,,,,,,,,
NetMHCIIpan,1,0,1,,,,,,,,
WEBnma,1,1,0,,,,,,,,
WEBnma,2,2,5,,,,,,,,
WEBnma,1,1,0,,,,,,,,
WEBnma,2,0,5,,,,,,,,
sigaR,1,1,1,,,,,,,,
Plass,1,1,0,,,,,,,,
convert2annovar,1,8,1,,,,,,,,
IntOmics,1,4,5,,,,,,,,
nf-core-chipseq,1,0,0,,,,,,,,
nf-core-chipseq,2,1,0,,,,,,,,
MIMOSA,1,1,1,,,,,,,,
mdgsa,1,0,0,,,,,,,,
mdgsa,2,1,0,,,,,,,,
mdgsa,3,4,0,,,,,,,,
DCON,1,4,1,,,,,,,,
svdetect_compare_step,1,8,1,,,,,,,,
svdetect_compare_step,2,8,1,,,,,,,,
svdetect_compare_step,3,8,1,,,,,,,,
svdetect_compare_step,4,8,1,,,,,,,,
svdetect_compare_step,5,8,1,,,,,,,,
svdetect_compare_step,6,8,1,,,,,,,,
svdetect_compare_step,7,0,4,,,,,,,,
svdetect_compare_step,8,0,4,,,,,,,,
svdetect_compare_step,9,0,4,,,,,,,,
Clustal Omega (EBI),1,1,0,,,,,,,,
mogsa,1,0,0,,,,,,,,
mogsa,2,4,0,,,,,,,,
mogsa,3,1,0,,,,,,,,
Ciona robusta Anatomy and Development Ontology,1,2,1,,,,,,,,
staRank,1,1,1,,,,,,,,
meshr,1,0,5,,,,,,,,
meshr,2,4,5,,,,,,,,
CNPBayes,1,1,5,,,,,,,,
CNPBayes,2,4,5,,,,,,,,
Circos,1,8,5,,,,,,,,
Circos,2,3,1,,,,,,,,
BAR-PLUS,1,4,1,,,,,,,,
flowcatchR,1,4,0,,,,,,,,
flowcatchR,2,1,0,,,,,,,,
flowcatchR,3,0,0,,,,,,,,
listannotation,1,8,5,,,,,,,,
BioExcel Building Blocks tutorials: Automatic Ligand parameterization,1,0,0,,,,,,,,
RAISS,1,8,1,,,,,,,,
occugene,1,0,2,,,,,,,,
NetPhosBac,1,3,2,,,,,,,,
MonoRes,1,3,1,,,,,,,,
BioExcel Virtual Screening pipeline,1,1,0,,,,,,,,
MetExplore,1,0,0,,,,,,,,
domainsignatures,1,1,0,,,,,,,,
domainsignatures,2,0,0,,,,,,,,
Livermore Metagenomics Analysis Toolkit,1,1,5,,,,,,,,
pe_filter,1,1,0,,,,,,,,
pe_filter,2,1,0,,,,,,,,
pe_filter,3,1,0,,,,,,,,
FGNet,1,4,1,,,,,,,,
CNORdt,1,0,0,,,,,,,,
gdtools_simulate-mutations,1,8,1,,,,,,,,
SynTView,1,1,0,,,,,,,,
EffectiveCCBD,1,2,1,,,,,,,,
CITE-seq-Count,1,2,2,,,,,,,,
CITE-seq-Count,2,4,3,,,,,,,,
STIG,1,3,0,,,,,,,,
STIG,2,0,0,,,,,,,,
biojs-io-gff,1,8,2,,,,,,,,
msgfdb2pepxml,1,0,0,,,,,,,,
MACARON,1,0,5,,,,,,,,
switchBox,1,4,2,,,,,,,,
BALDR,1,2,5,,,,,,,,
Midcor,1,0,0,,,,,,,,
D3E,1,4,1,,,,,,,,
MS-Fit,1,0,0,,,,,,,,
MethylAid,1,4,1,,,,,,,,
MethylAid,2,1,1,,,,,,,,
HMMgene,1,0,2,,,,,,,,
SVM2CRM,1,0,4,,,,,,,,
frogs_remove_chimera,1,1,0,,,,,,,,
frogs_remove_chimera,2,8,2,,,,,,,,
frogs_remove_chimera,3,8,1,,,,,,,,
frogs_remove_chimera,4,4,1,,,,,,,,
DiversityScientificTerms,1,2,0,,,,,,,,
DiversityScientificTerms,2,2,0,,,,,,,,
Ocean Gene Atlas,1,1,0,,,,,,,,
Ocean Gene Atlas,2,1,0,,,,,,,,
Ocean Gene Atlas,3,1,0,,,,,,,,
Ocean Gene Atlas,4,1,0,,,,,,,,
Ocean Gene Atlas,5,0,1,,,,,,,,
Ocean Gene Atlas,6,2,0,,,,,,,,
Ocean Gene Atlas,7,1,1,,,,,,,,
Ocean Gene Atlas,8,3,0,,,,,,,,
Ursgal,1,0,0,,,,,,,,
CLARK,1,0,1,,,,,,,,
picardinsertsize,1,4,1,,,,,,,,
pymzML,1,8,0,,,,,,,,
RNAinteract,1,4,1,,,,,,,,
frogs_preprocess,1,1,0,,,,,,,,
frogs_preprocess,2,8,1,,,,,,,,
frogs_preprocess,3,4,1,,,,,,,,
Multi Experiment Matrix (MEM),1,1,0,,,,,,,,
bedtools_mergebedgraph,1,8,1,,,,,,,,
RnBeads,1,4,1,,,,,,,,
NutriChem,1,2,2,,,,,,,,
OperaMate,1,4,0,,,,,,,,
OperaMate,2,1,0,,,,,,,,
OperaMate,3,3,0,,,,,,,,
